Index,Mn,Fe,Co,Ni,Cu,M1-Fe,M1-Co,Yield_of_styrene_oxide (%),Yield_of_benzaldehyde (%),Selectivity_of_styrene_oxide (%)
0,0,0,0,0,1,0,1,35.39120133,0,100
1,0,0,0,0.2,0.8,0,1,33.72203936,2.989491026,91.85681
2,0,0,0,0.4,0.6,0,1,18.93393404,3.184409703,85.60286
3,0,0,0,0.6,0.4,0,1,16.93608553,2.451530344,87.35517
4,0,0,0,0.8,0.2,0,1,16.35797477,1.166882568,93.34156
5,0,0,0,1,0,0,1,6.968577353,3.52057985,66.43601
6,0,0,0.2,0,0.8,0,1,56.70013253,0.573457355,98.99874
7,0,0,0.2,0.2,0.6,0,1,53.55531381,3.530510515,93.81543
8,0,0,0.2,0.4,0.4,0,1,49.44407499,3.01858562,94.24622
9,0,0,0.2,0.6,0.2,0,1,49.22569349,2.491679907,95.18212
10,0,0,0.2,0.8,0,0,1,34.52551629,11.68078187,74.72037
11,0,0,0.4,0,0.6,0,1,55.15969496,1.692988468,97.02215
12,0,0,0.4,0.2,0.4,0,1,52.09824807,3.641061826,93.46769
13,0,0,0.4,0.4,0.2,0,1,48.47708071,2.210050326,95.63982
14,0,0,0.4,0.6,0,0,1,25.63706096,1.232867955,95.41172
15,0,0,0.6,0,0.4,0,1,52.41752683,3.121475579,94.37967
16,0,0,0.6,0.2,0.2,0,1,48.93528832,1.20170871,97.60315
17,0,0,0.6,0.4,0,0,1,31.46688906,0,100
18,0,0,0.8,0,0.2,0,1,47.63662017,1.470967924,97.0046
19,0,0,0.8,0.2,0,0,1,30.94106272,1.653097566,94.92824
20,0,0,1,0,0,0,1,29.49372753,2.444368591,92.34654
21,0,0.2,0,0,0.8,0,1,34.01242901,2.357416639,93.51821
22,0,0.2,0,0.2,0.6,0,1,23.90695933,2.479985401,90.60147
23,0,0.2,0,0.4,0.4,0,1,16.28901937,1.28340387,92.69649
24,0,0.2,0,0.6,0.2,0,1,15.29142249,3.476297741,81.47725
25,0,0.2,0,0.8,0,0,1,6.582441963,4.00559719,62.16866
26,0,0.2,0.2,0,0.6,0,1,55.4520662,1.848996256,96.77319
27,0,0.2,0.2,0.2,0.4,0,1,52.88638732,2.827086425,94.92567
28,0,0.2,0.2,0.4,0.2,0,1,46.79339151,1.083930007,97.73603
29,0,0.2,0.2,0.6,0,0,1,20.64913698,2.392379218,89.61709
30,0,0.2,0.4,0,0.4,0,1,53.17428292,3.27641743,94.19597
31,0,0.2,0.4,0.2,0.2,0,1,49.74331537,3.449934837,93.51434
32,0,0.2,0.4,0.4,0,0,1,29.74256315,2.560167619,92.07445
33,0,0.2,0.6,0,0.2,0,1,50.5738338,1.73604189,96.68123
34,0,0.2,0.6,0.2,0,0,1,32.34771352,1.802455845,94.72197
35,0,0.2,0.8,0,0,0,1,33.70080241,1.974582184,94.46514
36,0,0.4,0,0,0.6,0,1,49.98043561,4.100349382,92.4181
37,0,0.4,0,0.2,0.4,0,1,17.39711413,1.720436607,91.00075
38,0,0.4,0,0.4,0.2,0,1,15.91533665,2.352026827,87.12443
39,0,0.4,0,0.6,0,0,1,6.346449829,1.810924424,77.80016
40,0,0.4,0.2,0,0.4,0,1,56.21975781,1.533479123,97.34477
41,0,0.4,0.2,0.2,0.2,0,1,47.62638254,2.864779749,94.32618
42,0,0.4,0.2,0.4,0,0,1,21.11685562,2.939850564,87.7795
43,0,0.4,0.4,0,0.2,0,1,51.74157166,1.649851972,96.90989
44,0,0.4,0.4,0.2,0,0,1,26.69099049,3.538107572,88.29569
45,0,0.4,0.6,0,0,0,1,29.45958801,2.384780669,92.51114
46,0,0.6,0,0,0.4,0,1,48.93174553,3.311383898,93.66159
47,0,0.6,0,0.2,0.2,0,1,16.61555098,3.159446655,84.02302
48,0,0.6,0,0.4,0,0,1,6.478166306,3.599860575,64.28011
49,0,0.6,0.2,0,0.2,0,1,53.39537339,2.263415947,95.93341
50,0,0.6,0.2,0.2,0,0,1,17.4051725,2.720594232,86.48203
51,0,0.6,0.4,0,0,0,1,23.8457632,2.659104128,89.96749
52,0,0.8,0,0,0.2,0,1,40.6231646,2.980981369,93.16354
53,0,0.8,0,0.2,0,0,1,7.273111164,3.053644201,70.42978
54,0,0.8,0.2,0,0,0,1,16.77108428,0.071929236,99.57294
55,0,1,0,0,0,0,1,8.146142497,1.268069673,86.53026
56,0.2,0,0,0,0.8,0,1,53.61241247,2.317568294,95.8563
57,0.2,0,0,0.2,0.6,0,1,37.13123143,2.46439307,93.7761
58,0.2,0,0,0.4,0.4,0,1,27.56524913,2.028536672,93.1454
59,0.2,0,0,0.6,0.2,0,1,19.94896656,1.762060122,91.88403
60,0.2,0,0,0.8,0,0,1,6.960829871,3.81790448,64.57929
61,0.2,0,0.2,0,0.6,0,1,55.29016225,1.496065673,97.36544
62,0.2,0,0.2,0.2,0.4,0,1,55.51153361,0.982296384,98.26123
63,0.2,0,0.2,0.4,0.2,0,1,50.29243124,1.438374041,97.2195
64,0.2,0,0.2,0.6,0,0,1,12.79761166,1.770864308,87.84455
65,0.2,0,0.4,0,0.4,0,1,54.63660799,1.533661169,97.26962
66,0.2,0,0.4,0.2,0.2,0,1,51.96886224,1.554564949,97.09554
67,0.2,0,0.4,0.4,0,0,1,24.9914699,0.830873485,96.78235
68,0.2,0,0.6,0,0.2,0,1,52.33708601,1.423620969,97.35193
69,0.2,0,0.6,0.2,0,0,1,25.51977652,2.413360529,91.36022
70,0.2,0,0.8,0,0,0,1,30.77054869,1.790843982,94.5001
71,0.2,0.2,0,0,0.6,0,1,54.1048602,0.673963505,98.76966
72,0.2,0.2,0,0.2,0.4,0,1,32.54171138,1.636274296,95.21249
73,0.2,0.2,0,0.4,0.2,0,1,20.30291312,3.24609075,86.21559
74,0.2,0.2,0,0.6,0,0,1,7.721200107,2.803126299,73.36527
75,0.2,0.2,0.2,0,0.4,0,1,55.43680354,0.12715615,99.77115
76,0.2,0.2,0.2,0.2,0.2,0,1,49.62924449,1.298779023,97.44978
77,0.2,0.2,0.2,0.4,0,0,1,15.82770365,1.146215006,93.2472
78,0.2,0.2,0.4,0,0.2,0,1,52.12007886,0.177699887,99.66022
79,0.2,0.2,0.4,0.2,0,0,1,29.98991081,1.937667487,93.93105
80,0.2,0.2,0.6,0,0,0,1,33.5052146,1.644184911,95.3223
81,0.2,0.4,0,0,0.4,0,1,49.13201487,0.145270685,99.7052
82,0.2,0.4,0,0.2,0.2,0,1,26.68204026,1.568050559,94.4494
83,0.2,0.4,0,0.4,0,0,1,8.291244113,2.574917604,76.30334
84,0.2,0.4,0.2,0,0.2,0,1,52.33590092,1.146956015,97.85547
85,0.2,0.4,0.2,0.2,0,0,1,17.69317372,1.247518596,93.41355
86,0.2,0.4,0.4,0,0,0,1,27.58148616,0.878848563,96.91202
87,0.2,0.6,0,0,0.2,0,1,38.29280382,1.066785869,97.28964
88,0.2,0.6,0,0.2,0,0,1,9.080705419,2.461812759,78.67179
89,0.2,0.6,0.2,0,0,0,1,23.47922399,0.893777973,96.33292
90,0.2,0.8,0,0,0,0,1,10.83956683,2.42093933,81.74324
91,0.4,0,0,0,0.6,0,1,55.08225235,2.08314135,96.35594
92,0.4,0,0,0.2,0.4,0,1,34.83975477,1.881043635,94.87744
93,0.4,0,0,0.4,0.2,0,1,27.35594995,1.007023536,96.44951
94,0.4,0,0,0.6,0,0,1,5.444761628,2.595202341,67.72122
95,0.4,0,0.2,0,0.4,0,1,54.87242568,0.01478805,99.97306
96,0.4,0,0.2,0.2,0.2,0,1,54.76295739,1.590253599,97.17806
97,0.4,0,0.2,0.4,0,0,1,13.8108958,1.8443882,88.21875
98,0.4,0,0.4,0,0.2,0,1,54.48607811,0,100
99,0.4,0,0.4,0.2,0,0,1,30.73759228,1.941903807,94.05773
100,0.4,0,0.6,0,0,0,1,29.93884876,1.578037674,94.99304
101,0.4,0.2,0,0,0.4,0,1,50.44902591,1.893751884,96.38202
102,0.4,0.2,0,0.2,0.2,0,1,33.03328013,1.789084339,94.86225
103,0.4,0.2,0,0.4,0,0,1,8.0202192,1.66908344,82.77396
104,0.4,0.2,0.2,0,0.2,0,1,54.1850857,1.391459134,97.49632
105,0.4,0.2,0.2,0.2,0,0,1,15.15985937,1.541763679,90.76878
106,0.4,0.2,0.4,0,0,0,1,30.07099679,1.291923828,95.88073
107,0.4,0.4,0,0,0.2,0,1,36.47260213,1.698656965,95.54991
108,0.4,0.4,0,0.2,0,0,1,10.76644497,2.811342548,79.29455
109,0.4,0.4,0.2,0,0,0,1,21.91424654,3.586510876,85.93567
110,0.4,0.6,0,0,0,0,1,5.085187174,0,100
111,0.6,0,0,0,0.4,0,1,32.41870765,1.227546124,96.35161
112,0.6,0,0,0.2,0.2,0,1,29.65531342,0.538715369,98.21582
113,0.6,0,0,0.4,0,0,1,3.640811493,1.78456328,67.1071
114,0.6,0,0.2,0,0.2,0,1,41.78255176,0.710938897,98.32695
115,0.6,0,0.2,0.2,0,0,1,17.18198514,1.551450781,91.71828
116,0.6,0,0.4,0,0,0,1,13.9519045,0.25767791,98.18659
117,0.6,0.2,0,0,0.2,0,1,37.82353203,0.74378059,98.07147
118,0.6,0.2,0,0.2,0,0,1,7.479277847,0.991571004,88.29431
119,0.6,0.2,0.2,0,0,0,1,13.44048156,2.256021412,85.62724
120,0.6,0.4,0,0,0,0,1,4.948517032,1.147601406,81.17488
121,0.8,0,0,0,0.2,0,1,11.11298042,0,100
122,0.8,0,0,0.2,0,0,1,2.585851419,2.176486885,54.29794
123,0.8,0,0.2,0,0,0,1,17.58793525,1.287377675,93.17957
124,0.8,0.2,0,0,0,0,1,7.887817687,0,100
125,1,0,0,0,0,0,1,3.803671101,2.24858118,62.8472
126,0,0,0,0,1,0.2,0.8,57.13767113,4.369802588,92.89549
127,0,0,0,0.2,0.8,0.2,0.8,55.11612139,7.307564756,88.2936
128,0,0,0,0.4,0.6,0.2,0.8,43.70154996,6.23295732,87.51774
129,0,0,0,0.6,0.4,0.2,0.8,33.26059355,6.970972078,82.67288
130,0,0,0,0.8,0.2,0.2,0.8,26.31847587,1.148925561,95.81713
131,0,0,0,1,0,0.2,0.8,19.44693005,5.903706617,76.7118
132,0,0,0.2,0,0.8,0.2,0.8,59.59753191,5.338782926,91.77843
133,0,0,0.2,0.2,0.6,0.2,0.8,60.9552139,3.8845363,94.00902
134,0,0,0.2,0.4,0.4,0.2,0.8,60.77481338,5.823526258,91.25575
135,0,0,0.2,0.6,0.2,0.2,0.8,58.33363497,6.531986727,89.92997
136,0,0,0.2,0.8,0,0.2,0.8,27.44352187,6.612168433,80.58425
137,0,0,0.4,0,0.6,0.2,0.8,57.83996604,5.553327313,91.23988
138,0,0,0.4,0.2,0.4,0.2,0.8,59.89405102,4.698548657,92.72587
139,0,0,0.4,0.4,0.2,0.2,0.8,59.00379855,5.578212677,91.36259
140,0,0,0.4,0.6,0,0.2,0.8,41.6024184,6.331574774,86.79106
141,0,0,0.6,0,0.4,0.2,0.8,60.33137239,4.173273095,93.53028
142,0,0,0.6,0.2,0.2,0.2,0.8,58.33761002,5.452036878,91.4531
143,0,0,0.6,0.4,0,0.2,0.8,40.30469607,6.374753599,86.34355
144,0,0,0.8,0,0.2,0.2,0.8,56.68380219,7.053288119,88.93378
145,0,0,0.8,0.2,0,0.2,0.8,39.62668823,7.151567094,84.71177
146,0,0,1,0,0,0.2,0.8,38.76694867,6.312000265,85.9979
147,0,0.2,0,0,0.8,0.2,0.8,54.13836639,5.762968971,90.37923
148,0,0.2,0,0.2,0.6,0.2,0.8,53.56517728,5.984937193,89.94975
149,0,0.2,0,0.4,0.4,0.2,0.8,35.77998224,4.589972996,88.63023
150,0,0.2,0,0.6,0.2,0.2,0.8,26.12606847,6.760074695,79.444
151,0,0.2,0,0.8,0,0.2,0.8,17.95618278,5.088650318,77.91848
152,0,0.2,0.2,0,0.6,0.2,0.8,59.79255019,1.837386623,97.01868
153,0,0.2,0.2,0.2,0.4,0.2,0.8,62.28573688,3.455112311,94.74434
154,0,0.2,0.2,0.4,0.2,0.2,0.8,58.89694657,5.005590772,92.16684
155,0,0.2,0.2,0.6,0,0.2,0.8,30.473866,5.49692939,84.71835
156,0,0.2,0.4,0,0.4,0.2,0.8,60.73396244,4.299355734,93.389
157,0,0.2,0.4,0.2,0.2,0.2,0.8,60.16495388,4.197172822,93.47882
158,0,0.2,0.4,0.4,0,0.2,0.8,36.45377777,5.863926523,86.14309
159,0,0.2,0.6,0,0.2,0.2,0.8,58.82096312,4.977187751,92.19854
160,0,0.2,0.6,0.2,0,0.2,0.8,39.76809102,5.474243846,87.90017
161,0,0.2,0.8,0,0,0.2,0.8,39.9473499,5.433883456,88.02614
162,0,0.4,0,0,0.6,0.2,0.8,50.22592666,6.895593743,87.9282
163,0,0.4,0,0.2,0.4,0.2,0.8,45.99638975,3.575873492,92.78654
164,0,0.4,0,0.4,0.2,0.2,0.8,27.05863134,6.35678793,80.97648
165,0,0.4,0,0.6,0,0.2,0.8,17.97587661,5.313148599,77.18604
166,0,0.4,0.2,0,0.4,0.2,0.8,61.53050995,4.204350335,93.60408
167,0,0.4,0.2,0.2,0.2,0.2,0.8,59.39392822,4.388846616,93.11907
168,0,0.4,0.2,0.4,0,0.2,0.8,23.69636627,5.047688624,82.43919
169,0,0.4,0.4,0,0.2,0.2,0.8,57.17995779,5.713553391,90.91551
170,0,0.4,0.4,0.2,0,0.2,0.8,29.89968468,4.876503495,85.97746
171,0,0.4,0.6,0,0,0.2,0.8,35.94463447,5.552486111,86.61959
172,0,0.6,0,0,0.4,0.2,0.8,47.49323537,6.80163003,87.47279
173,0,0.6,0,0.2,0.2,0.2,0.8,28.97842865,1.80919927,94.12362
174,0,0.6,0,0.4,0,0.2,0.8,17.10225716,4.901172803,77.72541
175,0,0.6,0.2,0,0.2,0.2,0.8,53.27120799,6.38302358,89.29997
176,0,0.6,0.2,0.2,0,0.2,0.8,20.19828565,4.189559416,82.82112
177,0,0.6,0.4,0,0,0.2,0.8,27.40818098,4.675104724,85.42822
178,0,0.8,0,0,0.2,0.2,0.8,40.3501912,5.03398322,88.90806
179,0,0.8,0,0.2,0,0.2,0.8,18.18735413,5.213030076,77.72246
180,0,0.8,0.2,0,0,0.2,0.8,18.77883254,5.32090163,77.92133
181,0,1,0,0,0,0.2,0.8,19.95499759,6.185489719,76.33751
182,0.2,0,0,0,0.8,0.2,0.8,58.83474888,5.71218642,91.15034
183,0.2,0,0,0.2,0.6,0.2,0.8,61.81029027,3.655676434,94.41591
184,0.2,0,0,0.4,0.4,0.2,0.8,40.74048077,6.787205154,85.71947
185,0.2,0,0,0.6,0.2,0.2,0.8,29.6972987,3.67722246,88.98195
186,0.2,0,0,0.8,0,0.2,0.8,13.04832082,4.499885762,74.357
187,0.2,0,0.2,0,0.6,0.2,0.8,59.01720316,4.999914555,92.18972
188,0.2,0,0.2,0.2,0.4,0.2,0.8,61.71709708,3.368962739,94.82383
189,0.2,0,0.2,0.4,0.2,0.2,0.8,59.38806948,1.551223629,97.45448
190,0.2,0,0.2,0.6,0,0.2,0.8,32.05517113,3.170756715,90.9988
191,0.2,0,0.4,0,0.4,0.2,0.8,60.36925008,5.136519286,92.15868
192,0.2,0,0.4,0.2,0.2,0.2,0.8,58.7362936,2.212530096,96.36986
193,0.2,0,0.4,0.4,0,0.2,0.8,36.37047766,2.432917766,93.73014
194,0.2,0,0.6,0,0.2,0.2,0.8,60.17258581,4.159172248,93.53481
195,0.2,0,0.6,0.2,0,0.2,0.8,38.439911,5.310248147,87.86233
196,0.2,0,0.8,0,0,0.2,0.8,38.27051817,4.507313563,89.46344
197,0.2,0.2,0,0,0.6,0.2,0.8,58.62552146,6.075779953,90.60949
198,0.2,0.2,0,0.2,0.4,0.2,0.8,57.82932403,3.841211704,93.7714
199,0.2,0.2,0,0.4,0.2,0.2,0.8,45.81810752,3.952069477,92.05936
200,0.2,0.2,0,0.6,0,0.2,0.8,18.50482418,3.732966333,83.21341
201,0.2,0.2,0.2,0,0.4,0.2,0.8,61.24096483,4.434041429,93.24851
202,0.2,0.2,0.2,0.2,0.2,0.2,0.8,54.69014103,5.312430829,91.14633
203,0.2,0.2,0.2,0.4,0,0.2,0.8,33.91955418,4.39235132,88.53528
204,0.2,0.2,0.4,0,0.2,0.2,0.8,54.96968207,2.45127349,95.73105
205,0.2,0.2,0.4,0.2,0,0.2,0.8,36.12174044,4.695229338,88.49687
206,0.2,0.2,0.6,0,0,0.2,0.8,36.60849513,2.345537759,93.9787
207,0.2,0.4,0,0,0.4,0.2,0.8,55.73849706,6.125599834,90.0983
208,0.2,0.4,0,0.2,0.2,0.2,0.8,48.86373878,4.725213242,91.18249
209,0.2,0.4,0,0.4,0,0.2,0.8,18.15516489,5.443484319,76.93307
210,0.2,0.4,0.2,0,0.2,0.2,0.8,54.83269516,5.366236769,91.08583
211,0.2,0.4,0.2,0.2,0,0.2,0.8,28.84528966,3.807041244,88.34068
212,0.2,0.4,0.4,0,0,0.2,0.8,32.59858415,4.881750047,86.97517
213,0.2,0.6,0,0,0.2,0.2,0.8,47.59434491,3.628845969,92.91562
214,0.2,0.6,0,0.2,0,0.2,0.8,17.87461793,0.572451953,96.89679
215,0.2,0.6,0.2,0,0,0.2,0.8,25.53244764,3.329924899,88.46275
216,0.2,0.8,0,0,0,0.2,0.8,21.32099369,3.144540843,87.14706
217,0.4,0,0,0,0.6,0.2,0.8,61.29671586,0.749801309,98.79155
218,0.4,0,0,0.2,0.4,0.2,0.8,55.0302104,1.962519492,96.55654
219,0.4,0,0,0.4,0.2,0.2,0.8,36.02812759,5.046396725,87.71405
220,0.4,0,0,0.6,0,0.2,0.8,17.08955745,5.069554535,77.12203
221,0.4,0,0.2,0,0.4,0.2,0.8,59.72066373,5.311767314,91.83213
222,0.4,0,0.2,0.2,0.2,0.2,0.8,58.27267896,4.426769462,92.9397
223,0.4,0,0.2,0.4,0,0.2,0.8,27.3028187,4.247664796,86.53693
224,0.4,0,0.4,0,0.2,0.2,0.8,62.86342771,3.126225573,95.26255
225,0.4,0,0.4,0.2,0,0.2,0.8,30.02830033,3.839054533,88.66444
226,0.4,0,0.6,0,0,0.2,0.8,25.59372673,4.238198061,85.79308
227,0.4,0.2,0,0,0.4,0.2,0.8,55.81131576,5.481773916,91.05646
228,0.4,0.2,0,0.2,0.2,0.2,0.8,47.86447382,4.175001795,91.97724
229,0.4,0.2,0,0.4,0,0.2,0.8,16.56665313,3.249013833,83.60381
230,0.4,0.2,0.2,0,0.2,0.2,0.8,60.03968941,4.163594399,93.51498
231,0.4,0.2,0.2,0.2,0,0.2,0.8,31.16118495,4.259809974,87.97377
232,0.4,0.2,0.4,0,0,0.2,0.8,32.4520503,3.907814023,89.2524
233,0.4,0.4,0,0,0.2,0.2,0.8,52.16623724,5.706283901,90.13991
234,0.4,0.4,0,0.2,0,0.2,0.8,23.04156876,6.369541875,78.34308
235,0.4,0.4,0.2,0,0,0.2,0.8,27.99672951,6.176686513,81.92546
236,0.4,0.6,0,0,0,0.2,0.8,20.6346756,5.496270679,78.96643
237,0.6,0,0,0,0.4,0.2,0.8,57.31288744,7.564406609,88.34044
238,0.6,0,0,0.2,0.2,0.2,0.8,48.72842271,6.821777219,87.71962
239,0.6,0,0,0.4,0,0.2,0.8,18.85929049,5.835430542,76.36972
240,0.6,0,0.2,0,0.2,0.2,0.8,61.15243429,3.73328831,94.24636
241,0.6,0,0.2,0.2,0,0.2,0.8,24.60287234,5.328691449,82.19708
242,0.6,0,0.4,0,0,0.2,0.8,26.57441185,5.235717622,83.54072
243,0.6,0.2,0,0,0.2,0.2,0.8,57.85692474,5.635191967,91.12458
244,0.6,0.2,0,0.2,0,0.2,0.8,21.28115655,5.897440045,78.30116
245,0.6,0.2,0.2,0,0,0.2,0.8,27.37388064,6.055092296,81.88669
246,0.6,0.4,0,0,0,0.2,0.8,21.46579436,4.45694611,82.80681
247,0.8,0,0,0,0.2,0.2,0.8,58.51980515,5.221751907,91.80793
248,0.8,0,0,0.2,0,0.2,0.8,18.06988937,5.513401371,76.62158
249,0.8,0,0.2,0,0,0.2,0.8,23.31254317,4.911052073,82.59948
250,0.8,0.2,0,0,0,0.2,0.8,20.49671118,4.482539613,82.05495
251,1,0,0,0,0,0.2,0.8,14.65921032,0.609531841,96.00798
252,0,0,0,0,1,0.4,0.6,52.83151106,3.938593369,93.06221
253,0,0,0,0.2,0.8,0.4,0.6,54.8058145,3.258482335,94.38815
254,0,0,0,0.4,0.6,0.4,0.6,40.49606306,4.587428708,89.82459
255,0,0,0,0.6,0.4,0.4,0.6,30.15798001,5.576282503,84.39514
256,0,0,0,0.8,0.2,0.4,0.6,24.42622189,5.304356114,82.15858
257,0,0,0,1,0,0.4,0.6,19.77748579,5.187754137,79.22009
258,0,0,0.2,0,0.8,0.4,0.6,64.34981434,0.417991951,99.35463
259,0,0,0.2,0.2,0.6,0.4,0.6,64.52626624,0.512420416,99.21213
260,0,0,0.2,0.4,0.4,0.4,0.6,61.19818852,1.491474781,97.62086
261,0,0,0.2,0.6,0.2,0.4,0.6,54.86117792,1.237883937,97.7934
262,0,0,0.2,0.8,0,0.4,0.6,18.21965019,5.604486531,76.47559
263,0,0,0.4,0,0.6,0.4,0.6,62.55582658,1.292269858,97.97602
264,0,0,0.4,0.2,0.4,0.4,0.6,66.19296577,0.065271909,99.90149
265,0,0,0.4,0.4,0.2,0.4,0.6,60.87110699,1.691124869,97.29689
266,0,0,0.4,0.6,0,0.4,0.6,28.36068258,4.832220211,85.44201
267,0,0,0.6,0,0.4,0.4,0.6,61.56390979,0.786686978,98.73828
268,0,0,0.6,0.2,0.2,0.4,0.6,59.13508043,1.0386936,98.27384
269,0,0,0.6,0.4,0,0.4,0.6,36.97152731,2.060221292,94.72168
270,0,0,0.8,0,0.2,0.4,0.6,58.53036672,4.48618343,92.88094
271,0,0,0.8,0.2,0,0.4,0.6,42.87131317,5.657016637,88.34286
272,0,0,1,0,0,0.4,0.6,35.67693732,6.058770317,85.48301
273,0,0.2,0,0,0.8,0.4,0.6,53.27679351,4.457794858,92.27881
274,0,0.2,0,0.2,0.6,0.4,0.6,45.6679433,3.611405391,92.67156
275,0,0.2,0,0.4,0.4,0.4,0.6,29.32359078,5.072771779,85.25201
276,0,0.2,0,0.6,0.2,0.4,0.6,21.29592615,5.470581603,79.56184
277,0,0.2,0,0.8,0,0.4,0.6,15.30341128,3.591978643,80.99019
278,0,0.2,0.2,0,0.6,0.4,0.6,60.12464035,4.49679082,93.04133
279,0,0.2,0.2,0.2,0.4,0.4,0.6,59.00280123,5.531503754,91.42858
280,0,0.2,0.2,0.4,0.2,0.4,0.6,45.37733488,5.17668432,89.76009
281,0,0.2,0.2,0.6,0,0.4,0.6,26.1483687,4.384357432,85.64047
282,0,0.2,0.4,0,0.4,0.4,0.6,61.42057219,1.990808892,96.86049
283,0,0.2,0.4,0.2,0.2,0.4,0.6,58.12680649,3.946540601,93.64213
284,0,0.2,0.4,0.4,0,0.4,0.6,25.11125317,5.019722354,83.34033
285,0,0.2,0.6,0,0.2,0.4,0.6,55.6973382,5.333373195,91.26116
286,0,0.2,0.6,0.2,0,0.4,0.6,29.46490105,4.426140573,86.94009
287,0,0.2,0.8,0,0,0.4,0.6,32.17601815,4.401606387,87.9664
288,0,0.4,0,0,0.6,0.4,0.6,49.61479021,2.998266632,94.30129
289,0,0.4,0,0.2,0.4,0.4,0.6,41.62697451,6.043126212,87.32303
290,0,0.4,0,0.4,0.2,0.4,0.6,25.41600865,4.680958475,84.44708
291,0,0.4,0,0.6,0,0.4,0.6,25.97822914,5.118976421,83.53879
292,0,0.4,0.2,0,0.4,0.4,0.6,63.27067772,0.468078533,99.26563
293,0,0.4,0.2,0.2,0.2,0.4,0.6,50.47684114,5.112594327,90.80294
294,0,0.4,0.2,0.4,0,0.4,0.6,32.65367138,5.189272604,86.28734
295,0,0.4,0.4,0,0.2,0.4,0.6,60.56895626,1.276231255,97.93641
296,0,0.4,0.4,0.2,0,0.4,0.6,30.75405946,4.546286695,87.12113
297,0,0.4,0.6,0,0,0.4,0.6,31.19990762,4.006031413,88.62115
298,0,0.6,0,0,0.4,0.4,0.6,58.15103364,2.62062733,95.68775
299,0,0.6,0,0.2,0.2,0.4,0.6,34.32939914,3.113227435,91.68534
300,0,0.6,0,0.4,0,0.4,0.6,26.94026465,4.826258007,84.80709
301,0,0.6,0.2,0,0.2,0.4,0.6,55.31253883,2.334884367,95.94972
302,0,0.6,0.2,0.2,0,0.4,0.6,28.39537538,2.781942344,91.07703
303,0,0.6,0.4,0,0,0.4,0.6,31.24601687,4.884909068,86.47998
304,0,0.8,0,0,0.2,0.4,0.6,53.56882732,3.799013786,93.3778
305,0,0.8,0,0.2,0,0.4,0.6,26.69728028,4.705810045,85.01482
306,0,0.8,0.2,0,0,0.4,0.6,26.04543357,6.624508501,79.72293
307,0,1,0,0,0,0.4,0.6,26.58554877,5.770323068,82.16607
308,0.2,0,0,0,0.8,0.4,0.6,69.81937373,1.298196054,98.17458
309,0.2,0,0,0.2,0.6,0.4,0.6,64.49800648,0.580876309,99.10743
310,0.2,0,0,0.4,0.4,0.4,0.6,57.32890218,1.781519996,96.98612
311,0.2,0,0,0.6,0.2,0.4,0.6,40.44092928,4.612902778,89.76135
312,0.2,0,0,0.8,0,0.4,0.6,21.07893084,3.063162044,87.31194
313,0.2,0,0.2,0,0.6,0.4,0.6,62.07697572,2.489842443,96.14377
314,0.2,0,0.2,0.2,0.4,0.4,0.6,64.25887973,0.224680104,99.65157
315,0.2,0,0.2,0.4,0.2,0.4,0.6,60.2940233,3.605166091,94.35804
316,0.2,0,0.2,0.6,0,0.4,0.6,26.45682716,4.945139054,84.25214
317,0.2,0,0.4,0,0.4,0.4,0.6,64.56034867,0,100
318,0.2,0,0.4,0.2,0.2,0.4,0.6,63.4886982,0,100
319,0.2,0,0.4,0.4,0,0.4,0.6,42.77428996,4.289101805,90.88654
320,0.2,0,0.6,0,0.2,0.4,0.6,60.01209136,1.293227281,97.89051
321,0.2,0,0.6,0.2,0,0.4,0.6,43.76416994,3.817619885,91.97672
322,0.2,0,0.8,0,0,0.4,0.6,44.03100459,1.923474976,95.81439
323,0.2,0.2,0,0,0.6,0.4,0.6,59.21972946,1.140178412,98.11103
324,0.2,0.2,0,0.2,0.4,0.4,0.6,59.16391135,3.873761454,93.85485
325,0.2,0.2,0,0.4,0.2,0.4,0.6,56.62879625,1.103312329,98.08891
326,0.2,0.2,0,0.6,0,0.4,0.6,20.39258342,4.893085139,80.64878
327,0.2,0.2,0.2,0,0.4,0.4,0.6,63.70017936,0.799830395,98.75995
328,0.2,0.2,0.2,0.2,0.2,0.4,0.6,58.12677932,4.246448904,93.19187
329,0.2,0.2,0.2,0.4,0,0.4,0.6,34.9292928,3.925329431,89.89739
330,0.2,0.2,0.4,0,0.2,0.4,0.6,58.16248664,3.725701759,93.97995
331,0.2,0.2,0.4,0.2,0,0.4,0.6,34.3636878,3.447979007,90.88118
332,0.2,0.2,0.6,0,0,0.4,0.6,33.51486548,4.303915033,88.61964
333,0.2,0.4,0,0,0.4,0.4,0.6,60.01836412,5.108647701,92.15587
334,0.2,0.4,0,0.2,0.2,0.4,0.6,49.06649626,4.358000119,91.84269
335,0.2,0.4,0,0.4,0,0.4,0.6,36.04125447,4.579155216,88.72696
336,0.2,0.4,0.2,0,0.2,0.4,0.6,60.93297654,3.195267683,95.01738
337,0.2,0.4,0.2,0.2,0,0.4,0.6,27.75540241,4.980931986,84.7847
338,0.2,0.4,0.4,0,0,0.4,0.6,37.59491727,4.440838988,89.43557
339,0.2,0.6,0,0,0.2,0.4,0.6,58.05557368,1.595745073,97.32488
340,0.2,0.6,0,0.2,0,0.4,0.6,26.84416106,4.099403371,86.752
341,0.2,0.6,0.2,0,0,0.4,0.6,23.2063117,4.253763577,84.50928
342,0.2,0.8,0,0,0,0.4,0.6,32.17125632,4.875296492,86.84008
343,0.4,0,0,0,0.6,0.4,0.6,61.677188,0.629132435,98.99026
344,0.4,0,0,0.2,0.4,0.4,0.6,55.00471042,3.934607677,93.32431
345,0.4,0,0,0.4,0.2,0.4,0.6,43.50609957,5.332443114,89.08149
346,0.4,0,0,0.6,0,0.4,0.6,18.56355472,2.112933943,89.78098
347,0.4,0,0.2,0,0.4,0.4,0.6,62.08767187,3.329428319,94.91046
348,0.4,0,0.2,0.2,0.2,0.4,0.6,58.88150294,3.061839497,95.05703
349,0.4,0,0.2,0.4,0,0.4,0.6,27.04235773,5.180842503,83.92201
350,0.4,0,0.4,0,0.2,0.4,0.6,61.32151197,2.722781107,95.7486
351,0.4,0,0.4,0.2,0,0.4,0.6,25.66944597,3.132216202,89.12488
352,0.4,0,0.6,0,0,0.4,0.6,39.15045952,4.583920754,89.51872
353,0.4,0.2,0,0,0.4,0.4,0.6,58.38829256,2.336547467,96.15224
354,0.4,0.2,0,0.2,0.2,0.4,0.6,55.80699633,3.901711038,93.46542
355,0.4,0.2,0,0.4,0,0.4,0.6,23.43999071,4.126511721,85.0307
356,0.4,0.2,0.2,0,0.2,0.4,0.6,65.22874102,1.661524781,97.51604
357,0.4,0.2,0.2,0.2,0,0.4,0.6,28.21763815,2.975915362,90.45984
358,0.4,0.2,0.4,0,0,0.4,0.6,32.87290106,4.78763846,87.28739
359,0.4,0.4,0,0,0.2,0.4,0.6,56.74308492,0.641335524,98.88239
360,0.4,0.4,0,0.2,0,0.4,0.6,20.12399026,7.959340797,71.65813
361,0.4,0.4,0.2,0,0,0.4,0.6,22.79626635,7.866475673,74.34517
362,0.4,0.6,0,0,0,0.4,0.6,25.06503672,7.465758092,77.05018
363,0.6,0,0,0,0.4,0.4,0.6,61.21721344,2.785073836,95.64848
364,0.6,0,0,0.2,0.2,0.4,0.6,46.97266293,7.464778028,86.28742
365,0.6,0,0,0.4,0,0.4,0.6,18.71005648,7.359608513,71.76945
366,0.6,0,0.2,0,0.2,0.4,0.6,58.90561583,6.388832764,90.21535
367,0.6,0,0.2,0.2,0,0.4,0.6,22.33345535,6.738021586,76.82257
368,0.6,0,0.4,0,0,0.4,0.6,29.29788566,6.312753133,82.27285
369,0.6,0.2,0,0,0.2,0.4,0.6,64.81294731,2.264088429,96.62464
370,0.6,0.2,0,0.2,0,0.4,0.6,31.37878347,7.488824254,80.73248
371,0.6,0.2,0.2,0,0,0.4,0.6,21.00807181,7.154003984,74.59703
372,0.6,0.4,0,0,0,0.4,0.6,18.50001652,5.952232128,75.65773
373,0.8,0,0,0,0.2,0.4,0.6,57.81158362,5.536687847,91.25992
374,0.8,0,0,0.2,0,0.4,0.6,27.94224302,6.034204575,82.24004
375,0.8,0,0.2,0,0,0.4,0.6,18.70863862,5.71999772,76.58487
376,0.8,0.2,0,0,0,0.4,0.6,17.61919122,5.505520666,76.19205
377,1,0,0,0,0,0.4,0.6,15.43988255,5.624450764,73.2987
378,0,0,0,0,1,0.6,0.4,57.75895303,0.367368464,99.36798
379,0,0,0,0.2,0.8,0.6,0.4,44.23343169,4.126871986,91.46641
380,0,0,0,0.4,0.6,0.6,0.4,31.23611224,3.483996938,89.96548
381,0,0,0,0.6,0.4,0.6,0.4,22.39194575,3.872001661,85.25735
382,0,0,0,0.8,0.2,0.6,0.4,21.02128769,4.338812635,82.89119
383,0,0,0,1,0,0.6,0.4,18.60398964,4.605465889,80.15694
384,0,0,0.2,0,0.8,0.6,0.4,60.20146003,1.925683358,96.90042
385,0,0,0.2,0.2,0.6,0.6,0.4,34.54678504,3.61643807,90.52376
386,0,0,0.2,0.4,0.4,0.6,0.4,25.58409103,3.910589353,86.74137
387,0,0,0.2,0.6,0.2,0.6,0.4,24.17673732,5.08304097,82.62789
388,0,0,0.2,0.8,0,0.6,0.4,19.24043538,5.558200448,77.58667
389,0,0,0.4,0,0.6,0.6,0.4,57.71901826,2.740432716,95.46732
390,0,0,0.4,0.2,0.4,0.6,0.4,25.37308028,2.462880975,91.15216
391,0,0,0.4,0.4,0.2,0.6,0.4,21.84787898,4.497586644,82.92842
392,0,0,0.4,0.6,0,0.6,0.4,17.42423843,3.974607691,81.42607
393,0,0,0.6,0,0.4,0.6,0.4,56.72737227,2.741849982,95.38946
394,0,0,0.6,0.2,0.2,0.6,0.4,36.46174596,3.75416069,90.66499
395,0,0,0.6,0.4,0,0.6,0.4,19.3955952,4.754672201,80.31213
396,0,0,0.8,0,0.2,0.6,0.4,56.26588307,3.020176991,94.90576
397,0,0,0.8,0.2,0,0.6,0.4,36.57221596,2.944072531,92.54972
398,0,0,1,0,0,0.6,0.4,35.40673339,3.057781173,92.05038
399,0,0.2,0,0,0.8,0.6,0.4,55.25889874,2.668190445,95.39388
400,0,0.2,0,0.2,0.6,0.6,0.4,37.92416666,2.951703792,92.77886
401,0,0.2,0,0.4,0.4,0.6,0.4,22.88239449,4.029939107,85.02568
402,0,0.2,0,0.6,0.2,0.6,0.4,20.19873094,3.399784201,85.59323
403,0,0.2,0,0.8,0,0.6,0.4,17.72741105,2.922656419,85.84675
404,0,0.2,0.2,0,0.6,0.6,0.4,54.44896257,2.075744111,96.32772
405,0,0.2,0.2,0.2,0.4,0.6,0.4,28.77607047,3.267244952,89.80366
406,0,0.2,0.2,0.4,0.2,0.6,0.4,19.84746273,4.294155238,82.21265
407,0,0.2,0.2,0.6,0,0.6,0.4,17.60597847,3.310414578,84.17311
408,0,0.2,0.4,0,0.4,0.6,0.4,49.47783898,3.080750338,94.13845
409,0,0.2,0.4,0.2,0.2,0.6,0.4,22.65197471,4.390169023,83.76545
410,0,0.2,0.4,0.4,0,0.6,0.4,25.72089927,3.278893789,88.69339
411,0,0.2,0.6,0,0.2,0.6,0.4,48.18890925,1.240837077,97.4897
412,0,0.2,0.6,0.2,0,0.6,0.4,25.17790671,4.292490236,85.43457
413,0,0.2,0.8,0,0,0.6,0.4,26.32011379,2.787248839,90.42425
414,0,0.4,0,0,0.6,0.6,0.4,56.24746801,1.371069967,97.62044
415,0,0.4,0,0.2,0.4,0.6,0.4,30.84305979,3.833273406,88.94556
416,0,0.4,0,0.4,0.2,0.6,0.4,24.50677932,4.325717359,84.99708
417,0,0.4,0,0.6,0,0.6,0.4,17.93969611,4.250970198,80.84343
418,0,0.4,0.2,0,0.4,0.6,0.4,46.60293979,2.944175349,94.05783
419,0,0.4,0.2,0.2,0.2,0.6,0.4,24.54421936,3.138717958,88.6619
420,0,0.4,0.2,0.4,0,0.6,0.4,17.82703697,3.073205956,85.29584
421,0,0.4,0.4,0,0.2,0.6,0.4,38.05544982,2.664764495,93.45592
422,0,0.4,0.4,0.2,0,0.6,0.4,24.4016687,1.261480345,95.08447
423,0,0.4,0.6,0,0,0.6,0.4,18.7546474,3.46620009,84.40113
424,0,0.6,0,0,0.4,0.6,0.4,51.889423,2.13039326,96.05627
425,0,0.6,0,0.2,0.2,0.6,0.4,25.38755278,3.03377413,89.32571
426,0,0.6,0,0.4,0,0.6,0.4,21.39608966,3.461131039,86.07595
427,0,0.6,0.2,0,0.2,0.6,0.4,42.5805295,3.858063848,91.69212
428,0,0.6,0.2,0.2,0,0.6,0.4,18.85815911,3.504476411,84.32888
429,0,0.6,0.4,0,0,0.6,0.4,19.50300871,3.880007035,83.40673
430,0,0.8,0,0,0.2,0.6,0.4,54.58584045,3.834055827,93.43707
431,0,0.8,0,0.2,0,0.6,0.4,20.80850659,3.197932376,86.67886
432,0,0.8,0.2,0,0,0.6,0.4,21.65373908,4.157355326,83.89315
433,0,1,0,0,0,0.6,0.4,20.82527195,4.484166757,82.28263
434,0.2,0,0,0,0.8,0.6,0.4,67.08131644,4.532483716,93.67094
435,0.2,0,0,0.2,0.6,0.6,0.4,55.09579765,1.664174155,97.06805
436,0.2,0,0,0.4,0.4,0.6,0.4,52.13398079,2.838698828,94.83616
437,0.2,0,0,0.6,0.2,0.6,0.4,49.99508433,3.858550037,92.83512
438,0.2,0,0,0.8,0,0.6,0.4,16.62465621,4.530073582,78.586
439,0.2,0,0.2,0,0.6,0.6,0.4,61.023638,1.993963692,96.83586
440,0.2,0,0.2,0.2,0.4,0.6,0.4,61.41986429,3.243259913,94.98437
441,0.2,0,0.2,0.4,0.2,0.6,0.4,51.9060486,2.912132469,94.68765
442,0.2,0,0.2,0.6,0,0.6,0.4,13.84353749,4.634342715,74.91951
443,0.2,0,0.4,0,0.4,0.6,0.4,63.43721831,0,100
444,0.2,0,0.4,0.2,0.2,0.6,0.4,54.99413451,4.38563429,92.61426
445,0.2,0,0.4,0.4,0,0.6,0.4,26.23960214,4.274150569,85.99271
446,0.2,0,0.6,0,0.2,0.6,0.4,57.77999882,2.244939952,96.25999
447,0.2,0,0.6,0.2,0,0.6,0.4,36.69414522,3.346809031,91.64154
448,0.2,0,0.8,0,0,0.6,0.4,32.33950818,2.752424299,92.15653
449,0.2,0.2,0,0,0.6,0.6,0.4,59.65422811,1.716473293,97.20311
450,0.2,0.2,0,0.2,0.4,0.6,0.4,59.59748835,0,100
451,0.2,0.2,0,0.4,0.2,0.6,0.4,54.67404111,2.722199475,95.25718
452,0.2,0.2,0,0.6,0,0.6,0.4,20.29730574,3.606018412,84.91416
453,0.2,0.2,0.2,0,0.4,0.6,0.4,63.12588144,0,100
454,0.2,0.2,0.2,0.2,0.2,0.6,0.4,46.02091553,3.026672772,93.82911
455,0.2,0.2,0.2,0.4,0,0.6,0.4,22.79109274,3.494405406,86.70596
456,0.2,0.2,0.4,0,0.2,0.6,0.4,52.22525075,0.38432127,99.26948
457,0.2,0.2,0.4,0.2,0,0.6,0.4,25.29595899,3.702517445,87.23203
458,0.2,0.2,0.6,0,0,0.6,0.4,25.60064557,2.432217019,91.32369
459,0.2,0.4,0,0,0.4,0.6,0.4,60.68369845,2.973282882,95.32921
460,0.2,0.4,0,0.2,0.2,0.6,0.4,55.4895738,2.170250116,96.23611
461,0.2,0.4,0,0.4,0,0.6,0.4,23.63346334,2.965779103,88.85014
462,0.2,0.4,0.2,0,0.2,0.6,0.4,53.27348149,2.747147789,95.09619
463,0.2,0.4,0.2,0.2,0,0.6,0.4,20.17591851,2.663048229,88.33989
464,0.2,0.4,0.4,0,0,0.6,0.4,18.44251881,4.92013259,78.94018
465,0.2,0.6,0,0,0.2,0.6,0.4,54.0649962,2.726928065,95.19839
466,0.2,0.6,0,0.2,0,0.6,0.4,25.52729679,2.283630035,91.78873
467,0.2,0.6,0.2,0,0,0.6,0.4,22.52397889,2.904447385,88.57795
468,0.2,0.8,0,0,0,0.6,0.4,28.41507883,4.202607853,87.11556
469,0.4,0,0,0,0.6,0.6,0.4,62.08012303,0,100
470,0.4,0,0,0.2,0.4,0.6,0.4,55.72424534,1.231900965,97.83711
471,0.4,0,0,0.4,0.2,0.6,0.4,49.9242108,2.977816083,94.37107
472,0.4,0,0,0.6,0,0.6,0.4,15.00823691,3.090928115,82.92226
473,0.4,0,0.2,0,0.4,0.6,0.4,62.14267591,1.079447076,98.29261
474,0.4,0,0.2,0.2,0.2,0.6,0.4,56.30558919,2.112071788,96.38453
475,0.4,0,0.2,0.4,0,0.6,0.4,17.77532772,4.275873314,80.60934
476,0.4,0,0.4,0,0.2,0.6,0.4,60.2256654,0,100
477,0.4,0,0.4,0.2,0,0.6,0.4,20.58329435,4.269515942,82.82079
478,0.4,0,0.6,0,0,0.6,0.4,24.40423812,2.598122032,90.37817
479,0.4,0.2,0,0,0.4,0.6,0.4,58.84490183,2.073663537,96.59601
480,0.4,0.2,0,0.2,0.2,0.6,0.4,53.69673857,0.494262812,99.08792
481,0.4,0.2,0,0.4,0,0.6,0.4,16.5760105,2.373685356,87.47375
482,0.4,0.2,0.2,0,0.2,0.6,0.4,57.9082392,0.310501185,99.46666
483,0.4,0.2,0.2,0.2,0,0.6,0.4,17.04280263,3.184017545,84.25844
484,0.4,0.2,0.4,0,0,0.6,0.4,23.26285363,2.259920663,91.14547
485,0.4,0.4,0,0,0.2,0.6,0.4,57.48922984,4.421089546,92.85888
486,0.4,0.4,0,0.2,0,0.6,0.4,24.54867043,3.16879318,88.56752
487,0.4,0.4,0.2,0,0,0.6,0.4,23.78483276,4.471727374,84.17455
488,0.4,0.6,0,0,0,0.6,0.4,25.8909817,4.738204117,84.53043
489,0.6,0,0,0,0.4,0.6,0.4,58.396959,3.415417893,94.47454
490,0.6,0,0,0.2,0.2,0.6,0.4,52.96837486,3.894282906,93.15142
491,0.6,0,0,0.4,0,0.6,0.4,15.95361024,4.502407794,77.98981
492,0.6,0,0.2,0,0.2,0.6,0.4,62.98884871,3.272366318,95.06142
493,0.6,0,0.2,0.2,0,0.6,0.4,18.96494448,4.495405449,80.83828
494,0.6,0,0.4,0,0,0.6,0.4,20.60958281,4.329399646,82.64003
495,0.6,0.2,0,0,0.2,0.6,0.4,60.29191658,0,100
496,0.6,0.2,0,0.2,0,0.6,0.4,19.23759299,3.987984109,82.82934
497,0.6,0.2,0.2,0,0,0.6,0.4,20.21857031,4.073369515,83.2316
498,0.6,0.4,0,0,0,0.6,0.4,23.93768113,5.291947664,81.89526
499,0.8,0,0,0,0.2,0.6,0.4,59.33386494,1.003282332,98.33721
500,0.8,0,0,0.2,0,0.6,0.4,16.29675615,3.635232475,81.76182
501,0.8,0,0.2,0,0,0.6,0.4,18.20727294,4.32472595,80.80629
502,0.8,0.2,0,0,0,0.6,0.4,19.13766836,3.21878096,85.60245
503,1,0,0,0,0,0.6,0.4,18.23398501,3.908982612,82.34662
504,0,0,0,0,1,0.8,0.2,64.25743635,2.739591751,95.91088
505,0,0,0,0.2,0.8,0.8,0.2,51.25187194,8.902873795,85.20005
506,0,0,0,0.4,0.6,0.8,0.2,43.40635764,8.749511098,83.2243
507,0,0,0,0.6,0.4,0.8,0.2,30.18077834,8.757279902,77.50972
508,0,0,0,0.8,0.2,0.8,0.2,23.24138961,7.936297509,74.54494
509,0,0,0,1,0,0.8,0.2,22.94581401,8.624086653,72.68257
510,0,0,0.2,0,0.8,0.8,0.2,57.65135126,6.863033176,89.36201
511,0,0,0.2,0.2,0.6,0.8,0.2,34.93745127,7.797404991,81.75399
512,0,0,0.2,0.4,0.4,0.8,0.2,29.21406995,7.386896232,79.81776
513,0,0,0.2,0.6,0.2,0.8,0.2,25.57572049,8.071981065,76.0103
514,0,0,0.2,0.8,0,0.8,0.2,21.791195,7.182016889,75.21153
515,0,0,0.4,0,0.6,0.8,0.2,55.44341591,7.117674566,88.62284
516,0,0,0.4,0.2,0.4,0.8,0.2,33.63881217,8.688380095,79.47329
517,0,0,0.4,0.4,0.2,0.8,0.2,28.64701822,7.885014759,78.41616
518,0,0,0.4,0.6,0,0.8,0.2,19.46049068,7.946920986,71.00448
519,0,0,0.6,0,0.4,0.8,0.2,53.39442761,6.795673607,88.70965
520,0,0,0.6,0.2,0.2,0.8,0.2,27.69910736,7.588705329,78.49483
521,0,0,0.6,0.4,0,0.8,0.2,20.27009447,7.846933533,72.09188
522,0,0,0.8,0,0.2,0.8,0.2,54.25228734,7.873050563,87.32715
523,0,0,0.8,0.2,0,0.8,0.2,20.39257142,7.701307761,72.58724
524,0,0,1,0,0,0.8,0.2,18.47670587,7.219581098,71.90419
525,0,0.2,0,0,0.8,0.8,0.2,62.60902634,2.494950674,96.16774
526,0,0.2,0,0.2,0.6,0.8,0.2,50.44885539,7.1811716,87.53918
527,0,0.2,0,0.4,0.4,0.8,0.2,29.93509375,7.507140016,79.95007
528,0,0.2,0,0.6,0.2,0.8,0.2,24.62431894,7.643388126,76.31258
529,0,0.2,0,0.8,0,0.8,0.2,22.9671166,7.364980539,75.71885
530,0,0.2,0.2,0,0.6,0.8,0.2,49.26528422,7.455487162,86.85581
531,0,0.2,0.2,0.2,0.4,0.8,0.2,41.80512929,8.72652193,82.73058
532,0,0.2,0.2,0.4,0.2,0.8,0.2,25.20655287,8.501808378,74.77834
533,0,0.2,0.2,0.6,0,0.8,0.2,21.58242363,8.237276377,72.37639
534,0,0.2,0.4,0,0.4,0.8,0.2,49.12618156,7.26059303,87.12359
535,0,0.2,0.4,0.2,0.2,0.8,0.2,31.16609163,7.463377072,80.67958
536,0,0.2,0.4,0.4,0,0.8,0.2,20.13046283,8.226510819,70.98946
537,0,0.2,0.6,0,0.2,0.8,0.2,44.38793598,8.134789967,84.51187
538,0,0.2,0.6,0.2,0,0.8,0.2,22.05295138,6.971521471,75.98054
539,0,0.2,0.8,0,0,0.8,0.2,22.9531625,8.148179031,73.8012
540,0,0.4,0,0,0.6,0.8,0.2,63.84572224,4.512577788,93.39864
541,0,0.4,0,0.2,0.4,0.8,0.2,43.53352472,8.710954311,83.32656
542,0,0.4,0,0.4,0.2,0.8,0.2,30.64280002,7.33952422,80.67647
543,0,0.4,0,0.6,0,0.8,0.2,27.36701938,7.849064088,77.71171
544,0,0.4,0.2,0,0.4,0.8,0.2,48.83548325,7.032907471,87.41165
545,0,0.4,0.2,0.2,0.2,0.8,0.2,27.48632152,7.429928452,78.72071
546,0,0.4,0.2,0.4,0,0.8,0.2,26.5594999,7.653880245,77.62899
547,0,0.4,0.4,0,0.2,0.8,0.2,40.0885166,7.390503234,84.43417
548,0,0.4,0.4,0.2,0,0.8,0.2,24.12980959,7.670950956,75.87809
549,0,0.4,0.6,0,0,0.8,0.2,25.75165461,8.007633246,76.28021
550,0,0.6,0,0,0.4,0.8,0.2,63.08719432,3.359138917,94.94458
551,0,0.6,0,0.2,0.2,0.8,0.2,44.66035159,8.64191448,83.78697
552,0,0.6,0,0.4,0,0.8,0.2,30.13163234,8.066935658,78.88158
553,0,0.6,0.2,0,0.2,0.8,0.2,43.84809362,8.043597605,84.49926
554,0,0.6,0.2,0.2,0,0.8,0.2,31.22167676,8.194241155,79.21083
555,0,0.6,0.4,0,0,0.8,0.2,33.18668944,7.939149769,80.69547
556,0,0.8,0,0,0.2,0.8,0.2,55.14261109,4.360131992,92.67238
557,0,0.8,0,0.2,0,0.8,0.2,30.06017761,8.147568252,78.67561
558,0,0.8,0.2,0,0,0.8,0.2,30.97262574,8.572488839,78.32226
559,0,1,0,0,0,0.8,0.2,28.83514336,8.10007963,78.0695
560,0.2,0,0,0,0.8,0.8,0.2,63.48056357,1.695701379,97.39828
561,0.2,0,0,0.2,0.6,0.8,0.2,55.1442432,4.173256198,92.96454
562,0.2,0,0,0.4,0.4,0.8,0.2,53.16699632,5.715868495,90.29282
563,0.2,0,0,0.6,0.2,0.8,0.2,49.50120496,5.75051707,89.59215
564,0.2,0,0,0.8,0,0.8,0.2,20.00195251,7.032463857,73.987
565,0.2,0,0.2,0,0.6,0.8,0.2,64.43438576,0.557765472,99.1418
566,0.2,0,0.2,0.2,0.4,0.8,0.2,62.37082844,3.433593938,94.78212
567,0.2,0,0.2,0.4,0.2,0.8,0.2,58.25755231,2.340892793,96.13704
568,0.2,0,0.2,0.6,0,0.8,0.2,19.86702445,7.708370359,72.0462
569,0.2,0,0.4,0,0.4,0.8,0.2,63.23055236,2.70664052,95.89512
570,0.2,0,0.4,0.2,0.2,0.8,0.2,56.94086335,4.842928546,92.16149
571,0.2,0,0.4,0.4,0,0.8,0.2,18.13812449,7.866511599,69.74958
572,0.2,0,0.6,0,0.2,0.8,0.2,61.04916524,3.99315532,93.86068
573,0.2,0,0.6,0.2,0,0.8,0.2,18.8700037,6.911469999,73.19211
574,0.2,0,0.8,0,0,0.8,0.2,17.94895141,6.581196519,73.17099
575,0.2,0.2,0,0,0.6,0.8,0.2,62.19129558,1.425073206,97.7599
576,0.2,0.2,0,0.2,0.4,0.8,0.2,60.09830985,3.196068878,94.95047
577,0.2,0.2,0,0.4,0.2,0.8,0.2,57.74881372,2.294015347,96.17937
578,0.2,0.2,0,0.6,0,0.8,0.2,27.01124643,6.762343833,79.97742
579,0.2,0.2,0.2,0,0.4,0.8,0.2,62.72271674,2.696337778,95.87836
580,0.2,0.2,0.2,0.2,0.2,0.8,0.2,57.70926874,4.297894611,93.06871
581,0.2,0.2,0.2,0.4,0,0.8,0.2,24.33260076,5.429206102,81.75781
582,0.2,0.2,0.4,0,0.2,0.8,0.2,59.80894285,3.304733925,94.76384
583,0.2,0.2,0.4,0.2,0,0.8,0.2,26.73848843,6.926013455,79.42636
584,0.2,0.2,0.6,0,0,0.8,0.2,22.86175511,7.552203859,75.16863
585,0.2,0.4,0,0,0.4,0.8,0.2,61.332456,1.503864136,97.6067
586,0.2,0.4,0,0.2,0.2,0.8,0.2,57.70566166,3.635996124,94.07255
587,0.2,0.4,0,0.4,0,0.8,0.2,29.17465406,7.488820731,79.57417
588,0.2,0.4,0.2,0,0.2,0.8,0.2,59.32513102,2.838301917,95.43413
589,0.2,0.4,0.2,0.2,0,0.8,0.2,29.07714502,7.203735469,80.14454
590,0.2,0.4,0.4,0,0,0.8,0.2,27.69080105,6.804646416,80.27378
591,0.2,0.6,0,0,0.2,0.8,0.2,58.67319445,1.770259943,97.07121
592,0.2,0.6,0,0.2,0,0.8,0.2,33.50981724,6.658049835,83.42444
593,0.2,0.6,0.2,0,0,0.8,0.2,32.60156676,6.507844582,83.3599
594,0.2,0.8,0,0,0,0.8,0.2,37.30158283,6.114526382,85.91646
595,0.4,0,0,0,0.6,0.8,0.2,65.16753075,1.326056626,98.00574
596,0.4,0,0,0.2,0.4,0.8,0.2,57.5113938,4.688419982,92.46232
597,0.4,0,0,0.4,0.2,0.8,0.2,52.51980369,4.432010289,92.21796
598,0.4,0,0,0.6,0,0.8,0.2,20.01812186,6.462616737,75.59503
599,0.4,0,0.2,0,0.4,0.8,0.2,63.05333905,0.4519493,99.28833
600,0.4,0,0.2,0.2,0.2,0.8,0.2,56.84969014,4.335377659,92.91432
601,0.4,0,0.2,0.4,0,0.8,0.2,19.64505861,7.042364086,73.61167
602,0.4,0,0.4,0,0.2,0.8,0.2,61.73016034,3.236340173,95.01845
603,0.4,0,0.4,0.2,0,0.8,0.2,19.67066149,6.710772302,74.56252
604,0.4,0,0.6,0,0,0.8,0.2,18.47436919,6.459780396,74.09264
605,0.4,0.2,0,0,0.4,0.8,0.2,62.35430745,1.280126099,97.98831
606,0.4,0.2,0,0.2,0.2,0.8,0.2,57.54464838,3.960819437,93.56022
607,0.4,0.2,0,0.4,0,0.8,0.2,27.77018637,5.334121815,83.88693
608,0.4,0.2,0.2,0,0.2,0.8,0.2,61.74065563,1.551755608,97.54828
609,0.4,0.2,0.2,0.2,0,0.8,0.2,25.01676641,6.519818931,79.32617
610,0.4,0.2,0.4,0,0,0.8,0.2,24.48273073,6.610742566,78.73913
611,0.4,0.4,0,0,0.2,0.8,0.2,60.62412447,1.954983109,96.87598
612,0.4,0.4,0,0.2,0,0.8,0.2,38.85719075,4.840679885,88.92239
613,0.4,0.4,0.2,0,0,0.8,0.2,30.51021096,8.746294449,77.72014
614,0.4,0.6,0,0,0,0.8,0.2,31.38447558,8.812547062,78.07662
615,0.6,0,0,0,0.4,0.8,0.2,57.4876802,5.393953807,91.42205
616,0.6,0,0,0.2,0.2,0.8,0.2,56.68260232,7.27044585,88.63159
617,0.6,0,0,0.4,0,0.8,0.2,19.86172914,7.76292299,71.89857
618,0.6,0,0.2,0,0.2,0.8,0.2,61.74920177,4.932920968,92.60233
619,0.6,0,0.2,0.2,0,0.8,0.2,19.61068311,8.21340239,70.48096
620,0.6,0,0.4,0,0,0.8,0.2,19.70723455,7.135477939,73.41745
621,0.6,0.2,0,0,0.2,0.8,0.2,59.37278902,4.5840992,92.83252
622,0.6,0.2,0,0.2,0,0.8,0.2,25.1219774,8.927925349,73.77988
623,0.6,0.2,0.2,0,0,0.8,0.2,24.66648917,7.649529042,76.32899
624,0.6,0.4,0,0,0,0.8,0.2,29.71715603,7.929657142,78.93671
625,0.8,0,0,0,0.2,0.8,0.2,58.42782267,3.770926043,93.9373
626,0.8,0,0,0.2,0,0.8,0.2,21.22096099,8.084161587,72.41383
627,0.8,0,0.2,0,0,0.8,0.2,21.05308263,6.42104786,76.62875
628,0.8,0.2,0,0,0,0.8,0.2,24.93477241,8.143892719,75.38023
629,1,0,0,0,0,0.8,0.2,26.38362232,8.813428882,74.95975
630,0,0,0,0,1,1,0,55.3562917,1.568063617,97.24536
631,0,0,0,0.2,0.8,1,0,45.08200764,4.031122484,91.79217
632,0,0,0,0.4,0.6,1,0,38.89277204,2.504129438,93.95093
633,0,0,0,0.6,0.4,1,0,28.76886757,2.539816095,91.88782
634,0,0,0,0.8,0.2,1,0,22.36135646,1.811525167,92.50596
635,0,0,0,1,0,1,0,24.13267935,1.846954611,92.89076
636,0,0,0.2,0,0.8,1,0,35.09060489,2.324270882,93.78784
637,0,0,0.2,0.2,0.6,1,0,25.39675491,0.190841212,99.25417
638,0,0,0.2,0.4,0.4,1,0,20.73895282,1.800700865,92.01096
639,0,0,0.2,0.6,0.2,1,0,19.40270146,0,100
640,0,0,0.2,0.8,0,1,0,20.75550087,1.642448618,92.66697
641,0,0,0.4,0,0.6,1,0,27.71939393,1.922169791,93.51529
642,0,0,0.4,0.2,0.4,1,0,23.44435329,1.854714832,92.66884
643,0,0,0.4,0.4,0.2,1,0,22.5128385,0.949863625,95.9516
644,0,0,0.4,0.6,0,1,0,18.54922666,0.294560471,98.43683
645,0,0,0.6,0,0.4,1,0,24.57597201,1.606490533,93.86425
646,0,0,0.6,0.2,0.2,1,0,23.33286109,1.356361765,94.50626
647,0,0,0.6,0.4,0,1,0,19.4346101,2.32598674,89.31102
648,0,0,0.8,0,0.2,1,0,21.33524132,0.852834238,96.15634
649,0,0,0.8,0.2,0,1,0,18.22791046,0.93574227,95.1171
650,0,0,1,0,0,1,0,17.43503408,1.751725762,90.87013
651,0,0.2,0,0,0.8,1,0,51.67050942,2.93763275,94.62052
652,0,0.2,0,0.2,0.6,1,0,48.85501402,2.916967194,94.36574
653,0,0.2,0,0.4,0.4,1,0,41.19037902,4.764289199,89.63263
654,0,0.2,0,0.6,0.2,1,0,26.11851359,2.86055455,90.12889
655,0,0.2,0,0.8,0,1,0,22.87432366,2.237262191,91.09072
656,0,0.2,0.2,0,0.6,1,0,49.41429385,1.526484174,97.00341
657,0,0.2,0.2,0.2,0.4,1,0,31.8706947,1.265425902,96.18113
658,0,0.2,0.2,0.4,0.2,1,0,23.25476794,1.494171008,93.96269
659,0,0.2,0.2,0.6,0,1,0,19.80713036,1.580789866,92.60896
660,0,0.2,0.4,0,0.4,1,0,44.19375455,3.063453203,93.51749
661,0,0.2,0.4,0.2,0.2,1,0,25.48341646,1.623500707,94.01075
662,0,0.2,0.4,0.4,0,1,0,20.28466319,1.644344628,92.50151
663,0,0.2,0.6,0,0.2,1,0,45.2569308,2.121692781,95.52184
664,0,0.2,0.6,0.2,0,1,0,19.27710813,1.130139805,94.46207
665,0,0.2,0.8,0,0,1,0,19.04058075,0.937266217,95.30847
666,0,0.4,0,0,0.6,1,0,57.68642099,1.025076913,98.25404
667,0,0.4,0,0.2,0.4,1,0,45.41930657,2.842314766,94.11061
668,0,0.4,0,0.4,0.2,1,0,32.8514313,2.012448769,94.2277
669,0,0.4,0,0.6,0,1,0,23.70823685,1.343026224,94.63889
670,0,0.4,0.2,0,0.4,1,0,48.59375793,2.733725662,94.67395
671,0,0.4,0.2,0.2,0.2,1,0,29.41806677,1.609609327,94.81234
672,0,0.4,0.2,0.4,0,1,0,22.04151402,1.65371161,93.02091
673,0,0.4,0.4,0,0.2,1,0,45.90363617,2.164908258,95.49621
674,0,0.4,0.4,0.2,0,1,0,23.42512389,0.268196109,98.86805
675,0,0.4,0.6,0,0,1,0,24.05612641,1.398632918,94.50542
676,0,0.6,0,0,0.4,1,0,56.51108993,0.318555456,99.43946
677,0,0.6,0,0.2,0.2,1,0,42.34389263,3.663463391,92.03722
678,0,0.6,0,0.4,0,1,0,26.28126931,2.391748209,91.65854
679,0,0.6,0.2,0,0.2,1,0,51.4658314,1.464579397,97.23301
680,0,0.6,0.2,0.2,0,1,0,24.56936053,1.810813195,93.1357
681,0,0.6,0.4,0,0,1,0,25.60829042,1.294600751,95.18788
682,0,0.8,0,0,0.2,1,0,54.29828349,1.267183119,97.71948
683,0,0.8,0,0.2,0,1,0,26.77071454,1.716338646,93.97502
684,0,0.8,0.2,0,0,1,0,29.65344179,3.235709451,90.16177
685,0,1,0,0,0,1,0,35.05976496,2.460187063,93.44299
686,0.2,0,0,0,0.8,1,0,60.16650117,0,100
687,0.2,0,0,0.2,0.6,1,0,46.44478147,3.894744859,92.26305
688,0.2,0,0,0.4,0.4,1,0,46.02373958,3.167165567,93.56148
689,0.2,0,0,0.6,0.2,1,0,43.94399367,3.4582597,92.70444
690,0.2,0,0,0.8,0,1,0,17.78945213,2.181253902,89.07773
691,0.2,0,0.2,0,0.6,1,0,60.0841622,0.328055047,99.45697
692,0.2,0,0.2,0.2,0.4,1,0,58.42386875,1.923132588,96.81321
693,0.2,0,0.2,0.4,0.2,1,0,54.46326087,1.886980944,96.65133
694,0.2,0,0.2,0.6,0,1,0,17.26090689,1.918800722,89.99567
695,0.2,0,0.4,0,0.4,1,0,58.80391552,1.160854369,98.06411
696,0.2,0,0.4,0.2,0.2,1,0,50.60645817,2.949258719,94.4931
697,0.2,0,0.4,0.4,0,1,0,17.14028776,0.961503776,94.68835
698,0.2,0,0.6,0,0.2,1,0,56.51779974,1.414841977,97.55778
699,0.2,0,0.6,0.2,0,1,0,17.15353946,1.420871358,92.35038
700,0.2,0,0.8,0,0,1,0,16.77909969,2.301252582,87.93915
701,0.2,0.2,0,0,0.6,1,0,59.32528802,0.744904118,98.75994
702,0.2,0.2,0,0.2,0.4,1,0,51.39974236,2.141019388,96.00114
703,0.2,0.2,0,0.4,0.2,1,0,39.76858231,1.857928905,95.53667
704,0.2,0.2,0,0.6,0,1,0,20.32528914,1.85962501,91.61761
705,0.2,0.2,0.2,0,0.4,1,0,60.04340752,0.947265948,98.44687
706,0.2,0.2,0.2,0.2,0.2,1,0,51.50775316,2.133040203,96.02347
707,0.2,0.2,0.2,0.4,0,1,0,21.32977675,0.56034238,97.4402
708,0.2,0.2,0.4,0,0.2,1,0,61.21823585,0,100
709,0.2,0.2,0.4,0.2,0,1,0,21.20547625,1.372119674,93.92265
710,0.2,0.2,0.6,0,0,1,0,21.41463906,1.590334187,93.087
711,0.2,0.4,0,0,0.4,1,0,56.8622146,0.091369718,99.83957
712,0.2,0.4,0,0.2,0.2,1,0,45.61813925,2.010342521,95.77912
713,0.2,0.4,0,0.4,0,1,0,22.56310763,1.830751714,92.49503
714,0.2,0.4,0.2,0,0.2,1,0,60.81171126,0,100
715,0.2,0.4,0.2,0.2,0,1,0,22.96202207,2.104005419,91.60615
716,0.2,0.4,0.4,0,0,1,0,21.82205744,1.808881688,92.34528
717,0.2,0.6,0,0,0.2,1,0,55.19957971,1.51554236,97.3278
718,0.2,0.6,0,0.2,0,1,0,27.80282222,1.67876073,94.30573
719,0.2,0.6,0.2,0,0,1,0,29.50873273,1.756915169,94.38069
720,0.2,0.8,0,0,0,1,0,41.595632,2.38524178,94.57664
721,0.4,0,0,0,0.6,1,0,59.94287285,0.305125043,99.49355
722,0.4,0,0,0.2,0.4,1,0,55.39678591,3.092677947,94.71242
723,0.4,0,0,0.4,0.2,1,0,52.30965126,1.837086355,96.60721
724,0.4,0,0,0.6,0,1,0,17.45753812,2.225244822,88.69446
725,0.4,0,0.2,0,0.4,1,0,61.48399004,0,100
726,0.4,0,0.2,0.2,0.2,1,0,57.16117776,1.827130947,96.90255
727,0.4,0,0.2,0.4,0,1,0,17.05405911,1.963760829,89.6741
728,0.4,0,0.4,0,0.2,1,0,61.92863942,0.346948344,99.44288
729,0.4,0,0.4,0.2,0,1,0,24.07894,1.432531248,94.38476
730,0.4,0,0.6,0,0,1,0,20.37321729,0.914892594,95.70233
731,0.4,0.2,0,0,0.4,1,0,55.48839873,0.981329987,98.2622
732,0.4,0.2,0,0.2,0.2,1,0,53.23268347,1.159566705,97.86814
733,0.4,0.2,0,0.4,0,1,0,26.83992615,1.528900272,94.61063
734,0.4,0.2,0.2,0,0.2,1,0,61.80021834,0.064472399,99.89578
735,0.4,0.2,0.2,0.2,0,1,0,26.13957497,1.974760141,92.97597
736,0.4,0.2,0.4,0,0,1,0,24.22396551,1.289535863,94.94567
737,0.4,0.4,0,0,0.2,1,0,54.65257016,1.31429784,97.65165
738,0.4,0.4,0,0.2,0,1,0,29.29228941,3.79130572,88.54022
739,0.4,0.4,0.2,0,0,1,0,27.3613747,4.669018375,85.42316
740,0.4,0.6,0,0,0,1,0,31.69559925,2.845792365,91.76121
741,0.6,0,0,0,0.4,1,0,57.97327103,0,100
742,0.6,0,0,0.2,0.2,1,0,55.54743505,3.040253925,94.81076
743,0.6,0,0,0.4,0,1,0,18.64374662,3.180457255,85.42693
744,0.6,0,0.2,0,0.2,1,0,61.15945437,0.004588223,99.9925
745,0.6,0,0.2,0.2,0,1,0,20.51665675,3.597264294,85.08221
746,0.6,0,0.4,0,0,1,0,18.15366127,2.998958628,85.82228
747,0.6,0.2,0,0,0.2,1,0,57.21487217,0.717357383,98.76173
748,0.6,0.2,0,0.2,0,1,0,24.88426021,1.458543537,94.46322
749,0.6,0.2,0.2,0,0,1,0,24.50303122,2.638001764,90.28039
750,0.6,0.4,0,0,0,1,0,58.56086353,0.230820989,99.60739
751,0.8,0,0,0,0.2,1,0,29.91510664,2.548004764,92.15108
752,0.8,0,0,0.2,0,1,0,20.15996504,4.932924766,80.34134
753,0.8,0,0.2,0,0,1,0,18.42666548,4.45832163,80.51857
754,0.8,0.2,0,0,0,1,0,27.41557883,2.750059291,90.88347
755,1,0,0,0,0,1,0,21.75665466,4.29754332,83.50537
