,ref1,ref2,ref3,yield_epox,yield_alde
0,0.14971795865333945,0.08201202507366727,0.0,35.39120132605838,0.0
1,0.16500679253263106,0.08792068424398827,0.007794252704903123,33.72203936312845,2.989491025701219
2,0.19219533589294852,0.046724915549726395,0.007858444745117198,18.933934035444434,3.184409702504112
3,0.2013823378970793,0.04230898932220848,0.006124306054216879,16.93608553147973,2.4515303441845973
4,0.20224173493613568,0.04011227007119631,0.002861375528841787,16.357974766301012,1.1668825677187413
5,0.22241348330390753,0.017315282866763378,0.008747816502398278,6.968577352637614,3.520579850338709
6,0.08797851773913301,0.11675199491390148,0.0011808136446773436,56.70013253428249,0.5734573546333693
7,0.08150793296732889,0.10171890428415707,0.006705584108071217,53.555313809007416,3.5305105153042895
8,0.09876652273752456,0.102728074794111,0.006271600578550367,49.44407498838217,3.0185856196031997
9,0.11610973594944579,0.11837761686410697,0.005991975092988859,49.22569349084031,2.4916799066061692
10,0.2056859834630308,0.13201201121899894,0.044662721168859665,34.52551628511966,11.68078186836457
11,0.08936654149060888,0.11424652934177862,0.0035065106292559256,55.15969496246592,1.6929884680678047
12,0.087031790310869,0.1024431338542185,0.007159584013255782,52.09824806605398,3.64106182560906
13,0.10510981858755604,0.10332834543167715,0.004710697100324995,48.477080707327275,2.2100503261346063
14,0.18627119406206671,0.0653007153684106,0.0031402647742932235,25.63706095803393,1.232867955407845
15,0.07760618926210085,0.09149422479482511,0.005448501781692017,52.41752683208733,3.1214755792178726
16,0.10631426482990779,0.10433625920608221,0.002562195824963641,48.9352883233819,1.2017087097967576
17,0.17484798665748713,0.08028122646434852,0.0,31.46688906456613,0.0
18,0.11106123415354448,0.10395620149833891,0.0032100564090993705,47.63662016941879,1.4709679237858508
19,0.16205969346236404,0.07438968433446477,0.003974440284105172,30.9410627151021,1.653097565719239
20,0.1719382345289001,0.07450716409555079,0.0061749730177111765,29.49372752926297,2.4443685905339625
21,0.15020416776573314,0.08028911207434515,0.005564874200745152,34.01242901376756,2.3574166388604287
22,0.16783817378598226,0.05450799969375869,0.0056543804525857715,23.906959326922212,2.4799854013793574
23,0.2138174910000705,0.04225378675835237,0.0033291551962926717,16.28901936556473,1.2834038703681943
24,0.19834128659230282,0.037336394089765995,0.008487923378545533,15.291422489015773,3.476297741117704
25,0.22331147623625133,0.016440024558120325,0.0100042076394063,6.582441963475422,4.005597190207522
26,0.0736137674006977,0.09560039988636863,0.003187704148171783,55.45206620467599,1.8489962560349742
27,0.08966208991634339,0.10707328877739915,0.005723692929216452,52.886387317236405,2.827086424596339
28,0.10374678619378773,0.09313918865730514,0.00215749186309176,46.79339151133649,1.0839300072027978
29,0.17439698666968803,0.046793375982400735,0.005421413027191833,20.64913698422562,2.3923792181323607
30,0.07766665703542933,0.09483203695995163,0.005843225743242797,53.17428291617393,3.2764174299607034
31,0.08412041481125859,0.08939796807429447,0.006200173070601546,49.74331537368052,3.449934837065007
32,0.15347254311136097,0.06742763567381535,0.005804007158620108,29.742563152553227,2.5601676186336557
33,0.09045151318765705,0.09592090314092194,0.0032926652677746724,50.573833798812466,1.7360418902948844
34,0.14616642527913268,0.07180200169159173,0.004000899090683589,32.347713517735166,1.8024558445416627
35,0.14281151234127418,0.07482147431557079,0.004383906008617599,33.70080241070331,1.9745821842589766
36,0.0895113107924975,0.09742793521855375,0.007992899002880744,49.98043560829358,4.100349381734595
37,0.1926064187804216,0.04142797206845117,0.004096897863094971,17.39711412663645,1.720436606736876
38,0.19615725114064897,0.03819659834536455,0.005644833405423457,15.915336653177684,2.352026826737582
39,0.2518847661650853,0.017405578488479886,0.004966585737534832,6.346449828508953,1.810924424207733
40,0.07396580375749383,0.09842977952447135,0.00268482145471087,56.219757814994445,1.5334791227772677
41,0.09552652887140926,0.09189436104399198,0.005527547768524741,47.6263825439865,2.86477974886719
42,0.19186870125754546,0.053351171096824995,0.0074274538447371835,21.116855618246174,2.939850564214449
43,0.09306974276592855,0.10331949913140973,0.0032944859211631893,51.74157166442722,1.6498519719932545
44,0.15472553020080324,0.05919054419594802,0.007846187374643598,26.690990488257643,3.5381075715812704
45,0.16585558196841999,0.07168941171961267,0.005803323629320118,29.45958801355583,2.38478066883526
46,0.10062469955419001,0.10310018502109122,0.006977153356601529,48.931745527028156,3.311383897889565
47,0.2000876002550979,0.041440518836402644,0.00787991375136935,16.61555097646381,3.159446655165991
48,0.22885113148359496,0.016486912349427143,0.009161633550250828,6.478166306119942,3.5998605752468347
49,0.0824665904829565,0.09930568708468335,0.004209542166361081,53.395373390105846,2.263415946989736
50,0.19018874871404415,0.0414435024181297,0.006478014142159656,17.405172502908048,2.720594231708639
51,0.1688676877978604,0.054789735718231494,0.006109748352847471,23.845763201317506,2.659104128388066
52,0.11280217308293528,0.08125386739906139,0.005962515900651071,40.62316460459687,2.9809813691707747
53,0.2281747923152564,0.01850653041687358,0.007770039260454326,7.2731111643304684,3.053644201236689
54,0.1942700968163903,0.039180353982387534,0.0001680399948638594,16.77108427902484,0.07192923569234567
55,0.21796761932269298,0.01960125676760629,0.0030512306002878414,8.14614249706551,1.26806967308489
56,0.07195848090160675,0.08753950702986461,0.0037841756526413514,53.61241246951616,2.317568293791001
57,0.11978175408553565,0.07363115658970847,0.004886886457870259,37.13123142545701,2.464393069746712
58,0.1824850386915732,0.07144604507569467,0.005257740345736568,27.56524912684689,2.028536671567379
59,0.1793241134124898,0.04569392841102132,0.004036071181944405,19.94896656142254,1.762060121508613
60,0.2019223320130078,0.015753497668711453,0.008640542928664693,6.960829871479057,3.8179044799113413
61,0.08087859226760596,0.10348067927189208,0.002800026004788197,55.29016224663172,1.4960656732138276
62,0.09178943784987853,0.11711838717709296,0.002072451628574491,55.51153360572404,0.9822963840160521
63,0.08864705662131173,0.09236275901781521,0.002641594205960722,50.29243124010014,1.4383740414456612
64,0.21411977424199355,0.03207506539917537,0.004438374126124322,12.797611664093443,1.7708643078108726
65,0.08240482962030951,0.10272297562452165,0.0028834557024102164,54.63660799197935,1.5336611689548505
66,0.08846048340760919,0.09891414958395334,0.002958857732156798,51.96886223640655,1.554564948557456
67,0.17733168702922456,0.0597454775511058,0.0019863150651482655,24.991469897328486,0.8308734851905819
68,0.08541644195763193,0.0966807097896037,0.0026298117886623114,52.337086010086324,1.4236209691993669
69,0.15915871535131224,0.056360089513701556,0.005329874866272151,25.519776519505022,2.4133605293711473
70,0.16110629833876144,0.07350877181153326,0.004278205856358838,30.77054869032225,1.7908439818288078
71,0.08287362032107637,0.09915411338005603,0.001235124783742752,54.10486019906718,0.6739635046370773
72,0.14201473930171044,0.07021059300246718,0.0035303548517428454,32.54171138104368,1.6362742963023535
73,0.1720307655427846,0.045685810034019586,0.007304384573618103,20.302913116840084,3.24609075027289
74,0.233743858102478,0.020170656780078754,0.00732281221993813,7.721200107121338,2.8031262994300463
75,0.09005585736358797,0.11235044430743438,0.0002576997407479485,55.43680353925416,0.1271561495642027
76,0.10205008353188194,0.10320897807890239,0.0027009408882742365,49.629244488670174,1.2987790228010136
77,0.2086281406623726,0.0397718925259487,0.002880211875884884,15.827703652464338,1.1462150059384666
78,0.09272383578522776,0.10131129128954156,0.00034541400219698234,52.1200788557465,0.17769988718171809
79,0.15920054511085588,0.07013721605769638,0.004531610782725521,29.98991080897422,1.937667487160138
80,0.14826018816063752,0.07659897338267799,0.003758903732224385,33.505214599011566,1.644184910625501
81,0.10678781755358482,0.10343887738427533,0.00030584205820764526,49.13201487056003,0.14527068479365618
82,0.15659768823937684,0.05823485869665884,0.003422347086129023,26.682040261944756,1.5680505591693488
83,0.2344256830949949,0.02180631511362892,0.006772139849591772,8.291244112973661,2.5749176038031645
84,0.09383656089553943,0.1055744319326782,0.0023136934225597696,52.33590092262262,1.1469560149338704
85,0.21254447036348356,0.04639302191390633,0.00327110096207765,17.69317372125059,1.247518596421532
86,0.1817871467951244,0.07008642902116516,0.002233213869149498,27.581486157030966,0.8788485628085784
87,0.13767675158077528,0.08693920128569227,0.002422008892767821,38.29280381660922,1.0667858687598086
88,0.23021409308639715,0.023632894805823198,0.006406965019890562,9.080705419219568,2.4618127594988835
89,0.18975632539629972,0.05891191482018167,0.002242585694906682,23.479223985730716,0.8937779734138199
90,0.20648403754273434,0.02580367288320619,0.00576306484355783,10.839566833585707,2.4209393298692006
91,0.0801016863351409,0.10300506253710531,0.0038955216215076417,55.08225235187497,2.083141349686317
92,0.13302108303259674,0.07323767993705332,0.003954197512117724,34.839754774970395,1.881043634538737
93,0.16179819019609998,0.06178569111147156,0.002274446520059512,27.355949946917487,1.0070235363627185
94,0.22847336844577537,0.013527430861652416,0.006447742370451418,5.444761627617491,2.59520234126031
95,0.08606315572375126,0.10468194288958871,2.821165193791532e-05,54.87242567842656,0.014788049700812914
96,0.09242138657333661,0.11595969759332779,0.003367336887360916,54.76295738882602,1.5902535993417286
97,0.2123469158314714,0.034770419146678576,0.004643446138702756,13.810895800541772,1.8443881998235212
98,0.09635331597407762,0.11534743837989565,0.0,54.486078111478754,0.0
99,0.1645064465780769,0.07511132254537811,0.004745295657675844,30.737592284109393,1.94190380691373
100,0.1612778552031133,0.07050604249007021,0.0037162815519622334,29.938848758444635,1.5780376744825066
101,0.09485528423106275,0.10041199361061087,0.003769258149939752,50.44902590891244,1.893751883874513
102,0.15769948151400506,0.07992513239582455,0.004328749736323534,33.0332801294351,1.7890843388538928
103,0.24409030774108556,0.021676920120485756,0.004511172014564829,8.02021920006183,1.6690834401240429
104,0.08794399803527914,0.10726885272398175,0.0027546366873164255,54.185085696422185,1.3914591344499339
105,0.21503158317013138,0.03913459878224356,0.003980004134662214,15.159859370941412,1.5417636785539441
106,0.16892217250359035,0.07400749206578085,0.0031795435026813895,30.070996792657148,1.291923828282981
107,0.15452528841577506,0.09115403742903638,0.004245363135625455,36.47260212702377,1.6986569646017502
108,0.19388864396568467,0.02415457039783298,0.006307260351339221,10.766444968985583,2.811342547572307
109,0.1493641544153854,0.0439360561212463,0.007190625645849969,21.91424653506698,3.5865108763900033
110,0.18219391322236209,0.009761280911807203,0.0,5.0851871739320815,0.0
111,0.09285889053119076,0.045368428998085616,0.0017178920202040667,32.41870764691703,1.2275461240749004
112,0.11847981565165314,0.05033317360765216,0.0009143472473399635,29.65531342423528,0.5387153691085964
113,0.18578232298123543,0.0071520073702969035,0.0035055947715590023,3.640811492783547,1.7845632802814193
114,0.06616397331164585,0.048072812472813795,0.0008179690042036642,41.78255176078177,0.710938896620256
115,0.17377012831097663,0.03673978094948671,0.0033174258613250006,17.181985141685022,1.5514507812743
116,0.16345931289982985,0.026583023918377982,0.0004909622220351535,13.951904497682225,0.25767790958758147
117,0.12366884889723065,0.07614175559871256,0.0014972890376859693,37.82353203452144,0.7437805897242882
118,0.19991319341359307,0.0163358481968415,0.0021657376187641957,7.479277846715258,0.9915710037604768
119,0.17986169965492071,0.028675297493983017,0.00481322673253957,13.440481557646553,2.2560214116364063
120,0.21068778822686396,0.011102758385039685,0.002574820103984363,4.948517031641081,1.1476014064349052
121,0.05671003593491661,0.007090096192270386,0.0,11.112980421633173,0.0
122,0.19512472920687463,0.005297941476072369,0.00445922764640972,2.585851419414171,2.176486884771691
123,0.17674742436082358,0.03831906621701145,0.002804826699178694,17.58793525275769,1.2873776751496302
124,0.20282966207151729,0.017368857796550206,0.0,7.887817686947579,0.0
125,0.20736847796764205,0.008395746637253503,0.004963236141070294,3.8036711014023425,2.248581179838995
126,0.06209600400300827,0.09217428414035667,0.007049349710378567,57.137671127134695,4.369802588305887
127,0.059310094556151376,0.08699475910247438,0.011534190352107542,55.11612139297968,7.307564756489023
128,0.08266927123158373,0.07216098534488458,0.010291999764229502,43.70154995701751,6.232957320419576
129,0.11091840011974395,0.061725087195467654,0.012936746265348737,33.26059354735794,6.97097207808659
130,0.14693197529377847,0.05331431276727146,0.002327421125525972,26.318475868044416,1.148925561402617
131,0.16095670114309754,0.04193088283963575,0.012729393784163266,19.446930048786427,5.903706617168621
132,0.053103132580627516,0.0902590707200236,0.008085462102732392,59.597531912834036,5.338782926231726
133,0.05626120739019838,0.09753667709610836,0.006215789241520222,60.95521390378926,3.884536300374481
134,0.05606701907059328,0.10201476766558518,0.009775195433113627,60.77481338410948,5.823526258356568
135,0.05878479625862324,0.09760044183459567,0.0109289398980551,58.333634965284205,6.5319867265672364
136,0.15867201584147533,0.0660332780274889,0.01590988061307366,27.443521868326027,6.612168433400838
137,0.05686811960086975,0.08985375652433336,0.00862703342497941,57.839966038067246,5.553327313309921
138,0.06147117258019813,0.10398271302279155,0.008157201396250998,59.8940510194757,4.6985486567955626
139,0.05821163487459702,0.09697635852970593,0.009168134354765512,59.00379855131699,5.578212677415463
140,0.10905557456549564,0.0871389207247336,0.013261887494052261,41.602418396806605,6.331574773594098
141,0.05968596113837648,0.10144809082521077,0.007017420145128972,60.33137239477796,4.173273095457617
142,0.06310836504869051,0.10167233604071838,0.009501954663322803,58.3376100172405,5.452036877842831
143,0.10866340474645404,0.08213804012686299,0.012991284340269478,40.30469607224192,6.374753599110921
144,0.06504553663812608,0.10167491699836187,0.012651629853266816,56.6838021949883,7.053288118822259
145,0.10968459703932334,0.0816665698588668,0.014738651646145701,39.62668822540497,7.151567093536449
146,0.1158467069058447,0.0817723487307027,0.013314101433008192,38.76694867072896,6.312000264907542
147,0.07685885715728798,0.10376936503330479,0.011046133652000065,54.13836638560165,5.762968970701219
148,0.08061597645092272,0.10675454366479448,0.011927884332381955,53.56517728298987,5.984937192755193
149,0.13212081157325867,0.07927681944835382,0.01016988935294001,35.77998224394036,4.589972995928353
150,0.15377062079653714,0.059859795844721286,0.01548861787302009,26.126068474241443,6.76007469473465
151,0.18343523393515695,0.042801500176934015,0.012129630784493495,17.956182784221042,5.088650317655324
152,0.06692957388652913,0.10429719351428618,0.003204985697637063,59.7925501874759,1.8373866229665836
153,0.05735204210629942,0.10427036631239382,0.00578408226881702,62.28573688163045,3.455112310796773
154,0.06395973206761561,0.10435727734236995,0.008869217419631915,58.896946568380876,5.00559077210926
155,0.15501451431461094,0.07377713913629506,0.013308049736445952,30.473866000241095,5.496929389519882
156,0.06004410207596805,0.10429117235297021,0.007382769571634125,60.733962444053105,4.2993557343394375
157,0.061771254013043946,0.10428413103671193,0.007274974753153446,60.164953880723175,4.197172821556294
158,0.1258114890316708,0.0795097352704599,0.012789874576265443,36.45377776707691,5.863926522783787
159,0.06420577107714708,0.10432188916133929,0.008827288798576022,58.82096311816979,4.977187750611547
160,0.11931591402489977,0.08665391625636655,0.01192827353824843,39.768091019342734,5.474243845705345
161,0.11769542220190239,0.08608067339259592,0.011709220967313378,39.9473499011724,5.433883456256103
162,0.0909107042795638,0.10648871901228718,0.014619997945202419,50.22592665849461,6.895593743205336
163,0.11893944281065622,0.10848761655189239,0.008434096551885248,45.99638975366072,3.5758734918372848
164,0.16214988316400228,0.06589444376631118,0.01548034708445583,27.0586313411161,6.356787930046455
165,0.1956915244332304,0.0458568895263031,0.013553968667794562,17.97587660844946,5.3131485986923055
166,0.05894002623421483,0.10583963472355884,0.007231971651921846,61.53050995319321,4.2043503350332205
167,0.06755271303338502,0.11078212012775668,0.008186118474366117,59.39392821898256,4.388846616203803
168,0.18066490975130933,0.0600806271820789,0.012798092963751024,23.696366265030264,5.047688624219474
169,0.06989351857827679,0.10770376205926933,0.010762008555662124,57.179957792680426,5.713553391371671
170,0.16539970598437295,0.07582198764168013,0.012366223648841575,29.899684676020073,4.876503495013261
171,0.13557936638884446,0.08330104115213272,0.012867786274364823,35.94463446757534,5.5524861111184896
172,0.10228899908733158,0.10629080412816312,0.015222183110273506,47.49323536987973,6.801630030269686
173,0.17394910749367948,0.07283050195081078,0.00454699916780557,28.978428648261975,1.8091992697915686
174,0.1953426438924132,0.04283265441734512,0.012275002003615573,17.102257159904024,4.901172802850137
175,0.07983007278872828,0.1054049675425234,0.01262975664820239,53.27120799232845,6.38302358024497
176,0.2063906269261121,0.05513315737519221,0.011435804140710566,20.19828564729252,4.18955941646281
177,0.17652747291213794,0.07123867778055665,0.012151418559806754,27.408180980390224,4.675104724452871
178,0.12203320433100402,0.0901581744069293,0.011247895575998213,40.350191202401305,5.033983220064953
179,0.1971431264240736,0.04680848353809849,0.01341668671237189,18.18735413137941,5.213030076248284
180,0.16453690947505395,0.040708830678344465,0.011534672511240575,18.778832542090115,5.320901630113974
181,0.15914523135991254,0.042997070966476286,0.013327886370391362,19.95499759225801,6.185489719483651
182,0.05448240387672655,0.09041414551891454,0.008778187448896559,58.83474888288269,5.7121864199298145
183,0.05409004474409179,0.09681236295801778,0.0057258212544060135,61.81029026695796,3.6556764336495586
184,0.09619594168688948,0.07468831860701373,0.012442782497612999,40.740480765814254,6.787205154322606
185,0.14356821407677295,0.06399335826121991,0.007923879430958304,29.697298697378038,3.6772224602218087
186,0.1781994306099399,0.028200761237608802,0.009725404958924981,13.048320816372682,4.499885762089274
187,0.05880861323509046,0.09645474888301875,0.00817160890382618,59.01720316031573,4.99991455484116
188,0.05894135897648539,0.1041901760293712,0.005687448656623795,61.717097075811395,3.3689627394006263
189,0.07080953636616592,0.10765912859136487,0.002812069588896879,59.38806948280121,1.5512236288830141
190,0.14684594019080874,0.07267061627762385,0.007188258132438188,32.05517112883791,3.1707567151115006
191,0.05877836524407042,0.10286954559114903,0.00875265808693177,60.36925008046526,5.136519286464641
192,0.06920553644130294,0.10409101830947741,0.003920991547663692,58.73629360276912,2.2125300962358025
193,0.1315288091012546,0.07817044176506421,0.005229028288404164,36.370477664686796,2.432917766321425
194,0.06180673540561815,0.10426841604682435,0.007207107630429298,60.17258581385313,4.159172247969434
195,0.1152502202494524,0.07875947986711584,0.010880159999484114,38.439910995354,5.310248146648861
196,0.12441251584391871,0.08320781249165601,0.009799807261534612,38.27051816665424,4.5073135634935655
197,0.06379175780558854,0.10594795887806444,0.010980140877237485,58.62552146067683,6.075779953256058
198,0.07713915742467453,0.11638319020704571,0.007730549852880482,57.82932403045328,3.8412117040312426
199,0.10149660935865362,0.09258210126233017,0.007985726960630702,45.81810751579478,3.952069476552617
200,0.19269313913113154,0.045854569757095856,0.009250212997573238,18.504824176139884,3.732966332880008
201,0.05793087602054891,0.10335741841948992,0.0074834071691339795,61.240964826459034,4.434041428617825
202,0.07827559251247992,0.10702946146387304,0.010396510229865924,54.69014103080527,5.312430829071294
203,0.13609093330062813,0.07483038377986054,0.009690025205104728,33.919554182753004,4.392351320069691
204,0.08312981630828051,0.10732085777906902,0.0047857794280043876,54.96968206843044,2.451273490085201
205,0.13361614592551765,0.08155121027765802,0.010600309683702605,36.121740443788596,4.695229337674036
206,0.1348183234218961,0.08084884504921364,0.005180055016294609,36.608495127322584,2.3455377588616346
207,0.06975873849676544,0.1019576547206621,0.011205034683395999,55.73849706440164,6.12559983375548
208,0.09281707132350482,0.09772218737417987,0.009449914914432273,48.86373877603696,4.725213242173086
209,0.17795413847156927,0.042287036731338545,0.012678971671404499,18.155164891836236,5.443484319218762
210,0.07469668636498153,0.10290730452887842,0.010071089151103548,54.83269515815511,5.36623676872321
211,0.161564890107155,0.06919892131504914,0.009132969388905069,28.845289662113153,3.807041244165848
212,0.14321875913744173,0.07467616327157264,0.011183012179569858,32.59858414809282,4.881750047054575
213,0.09700188953657744,0.09465033631615255,0.007216645002828432,47.59434491127501,3.62884596859304
214,0.2017695408402961,0.04422346871157596,0.0014162994205119128,17.874617933843474,0.5724519527557475
215,0.1890348623550921,0.0678476763565407,0.00884864898401122,25.532447638118498,3.3299248991977732
216,0.17817757278605859,0.05029390068054436,0.007417629177536182,21.32099368592598,3.1445408432988837
217,0.07913713174483725,0.127810306625417,0.001563417124805985,61.29671585777217,0.7498013094301574
218,0.08110043253729755,0.10377254486299892,0.0037007970812988097,55.030210403476374,1.9625194921576998
219,0.13977065604718406,0.0854583687273306,0.011970004019911823,36.02812758621996,5.046396724619761
220,0.19703665538451415,0.043258361106525506,0.012832434153643157,17.089557452718807,5.069554535061532
221,0.06173948926914963,0.10544408399592511,0.009378570227688017,59.7206637334731,5.31176731442006
222,0.0690921154154182,0.10793895774661094,0.008199741120150301,58.27267896267919,4.426769461618232
223,0.17093708708735528,0.06818257507077594,0.010607575981190736,27.302818698830567,4.247664796289785
224,0.06847403735906393,0.12656479905753898,0.006294122446152674,62.86342771320195,3.126225572656111
225,0.16223396303883542,0.07366422673046663,0.009417815209832129,30.02830032909279,3.839054533206335
226,0.15907233390148912,0.05802145538380994,0.009608073973224924,25.593726734236864,4.238198061154957
227,0.0734334550865023,0.10588336074278636,0.010399838046713614,55.811315759338186,5.481773916121718
228,0.09892867690789259,0.09873055237997347,0.008611820010071542,47.86447381540548,4.175001794669034
229,0.19598512435413473,0.04049191967878814,0.00794118197278945,16.566653125876872,3.2490138327916087
230,0.06607579630580772,0.11082497811522588,0.007685420472248111,60.039689414096884,4.1635943991864774
231,0.15601940072851195,0.07528374581070268,0.01029147164195859,31.161184954147846,4.259809974012316
232,0.14757868440454494,0.07525488183747203,0.009062049385825692,32.45205030449766,3.907814022826938
233,0.08314276379995961,0.10295525054534377,0.0112619180489089,52.166237237910096,5.706283900834557
234,0.11717892536022066,0.03824945100686162,0.01057356304464366,23.041568756611635,6.369541875302193
235,0.1055445438492413,0.04488919016145246,0.009903530171372582,27.99672951290964,6.1766865125794554
236,0.13049554092814755,0.03645279069786262,0.009709597986721857,20.63467560033909,5.496270678597419
237,0.044609119143050976,0.07279272353328727,0.009607503366176091,57.312887438158356,7.564406609069647
238,0.07815033581246218,0.08567288472916254,0.011993848781877123,48.728422705946244,6.821777218802656
239,0.15389521738612533,0.03854118396315038,0.011925390413612727,18.859290491966295,5.835430542441714
240,0.05140657065733614,0.08952588996804556,0.005465456319181557,61.1524342945033,3.73328830986794
241,0.12716471528082293,0.044650878837915485,0.009670852776087499,24.60287233668271,5.328691448619246
242,0.12924041213414875,0.050366541431154134,0.009923267166395668,26.57441184667519,5.235717622279971
243,0.055966877815720975,0.08869512953379846,0.008638794469859106,57.85692473957213,5.635191967252378
244,0.13924528130329766,0.04069271521570403,0.011276776602488887,21.281156550518944,5.897440045243813
245,0.11619172032660874,0.0477778160198274,0.010568435273444539,27.373880638352333,6.055092296168719
246,0.16345950098153253,0.04736660152339226,0.009834734595469177,21.46579435926,4.456946110013473
247,0.05504167708720651,0.08883526032469855,0.007926815354854693,58.51980514684,5.221751906907018
248,0.1588737097079036,0.03756809715967075,0.011462604676500733,18.069889369185624,5.513401371028963
249,0.1389704817918869,0.045136773938027966,0.009508574230063752,23.312543167238946,4.911052072565153
250,0.14686231454500145,0.040124825142659054,0.008775120877942109,20.496711177491065,4.48253961340084
251,0.17257228161747606,0.029856435933737803,0.0012414344267086133,14.659210318149217,0.6095318408969336
252,0.08590148113618913,0.10498070815785861,0.007826320177758144,52.831511059547246,3.938593369031635
253,0.09269838917777495,0.12114762213052671,0.007202837695824089,54.805814495901565,3.258482334685059
254,0.13925976841157578,0.1026917505194323,0.011633009454481237,40.49606305765007,4.58742870810998
255,0.16647321758021044,0.0781208800137822,0.014444737223092292,30.15798000672204,5.576282503467927
256,0.17645655331439983,0.06133773129450655,0.01331999568008972,24.426221887467218,5.304356114180498
257,0.20055137047020433,0.052860859081770066,0.013865723043441745,19.777485785289063,5.187754137143725
258,0.06981193826496807,0.12750796338535303,0.0008282432972185849,64.349814336698,0.41799195114234594
259,0.07143272783672068,0.13183964713687732,0.0010469740580437141,64.5262662404333,0.5124204158861017
260,0.08033759690754108,0.13177354685335657,0.0032114826701283815,61.198188521802834,1.4914747805926056
261,0.10328106640244923,0.12906605645389935,0.002912237836073533,54.861177924665114,1.2378839369035737
262,0.19712594620714358,0.04714834370925553,0.014503146573550866,18.219650193917357,5.604486531079043
263,0.07345998478967701,0.12711225732620676,0.002625867928954194,62.55582657641747,1.2922698584030958
264,0.07216551367125576,0.1415708323573577,0.0001396009132906207,66.19296577366556,0.06527190892042713
265,0.08018119488751302,0.1303688316703684,0.0036219149647638013,60.87110699166165,1.6911248686517804
266,0.1702254299775767,0.0722634209282147,0.012312565544866556,28.360682579725154,4.832220211480211
267,0.06481993742892495,0.10599288271882977,0.0013544172370402823,61.56390979425134,0.7866869780881424
268,0.06815346237985141,0.10119614351325446,0.0017774861522834636,59.135080426898995,1.0386935996154294
269,0.14864850088069567,0.09014137659332848,0.00502308659934914,36.97152730820387,2.060221292349938
270,0.06864978731497283,0.1086458197637251,0.008327388050206906,58.530366718992234,4.486183430250114
271,0.13183527769081557,0.10980703472052628,0.014489414399546811,42.87131316676001,5.6570166374761035
272,0.13829576720759185,0.08468255971453832,0.014381060083513728,35.67693731553358,6.058770316579802
273,0.09706313665514789,0.12235093637986015,0.010237391161642267,53.276793513099996,4.457794857722309
274,0.1118067973816941,0.10066878778776407,0.007960853427551377,45.66794329852222,3.611405391149961
275,0.17349358368830894,0.07754836544317452,0.013415313379685179,29.323590778642153,5.072771778811943
276,0.183970855133373,0.053497786665174255,0.01374272268963388,21.29592615133906,5.47058160272062
277,0.22468202241727755,0.042394647999929966,0.009950766364823933,15.303411276655094,3.591978643131047
278,0.0649071862639578,0.110307492927811,0.008250023927070613,60.124640354585935,4.496790819608856
279,0.0656670184476029,0.10924748647735581,0.010241935449330039,59.00280122933611,5.53150375359682
280,0.10933777772024766,0.10034095541424895,0.01144698012524522,45.37733488117007,5.176684319746752
281,0.17710249608841877,0.06666364042602795,0.01117764670690112,26.148368704542637,4.384357431927038
282,0.0741471602576043,0.12446933345548646,0.004034391849057795,61.42057218758832,1.9908088917877123
283,0.07650972506948145,0.1172596483609655,0.00796138633990397,58.126806489230084,3.9465406014269537
284,0.17847067533599933,0.06414319286998436,0.01282218043242567,25.111253173503442,5.019722353510298
285,0.07647651606656053,0.1093050074309757,0.010466647338517529,55.697338204639564,5.333373194729745
286,0.16753122087581285,0.07466901561531876,0.01121658474371243,29.464901047796744,4.426140573090806
287,0.15037935428062257,0.0762918260041095,0.010436548954350068,32.17601815383352,4.401606387038785
288,0.10477009205531791,0.10969574718898617,0.006629013185200306,49.61479020591962,2.998266631880972
289,0.13277914679097866,0.1056221058172179,0.015333512072315564,41.626974510257206,6.043126211586583
290,0.19636145290799553,0.07139496215694924,0.013149069065611899,25.41600865427282,4.6809584748087705
291,0.1974819473989463,0.07445606992080023,0.014671472188151192,25.978229139809603,5.11897642096282
292,0.08637173063164834,0.1507063015180622,0.0011149301231946987,63.270677722792335,0.46807853286500045
293,0.10612291596175177,0.12061881279540838,0.01221698989267081,50.47684113680014,5.1125943266265725
294,0.18864689215245087,0.0991040119445501,0.015749461316428275,32.65367137517289,5.1892726043259625
295,0.0951373535435513,0.15102603917528648,0.0031822267279897026,60.56895625852073,1.2762312548539907
296,0.18836238236864383,0.08953537712501308,0.013235764672468484,30.754059458272064,4.546286694525755
297,0.1922648583208559,0.09258017984975656,0.01188718611773762,31.19990761764775,4.006031413085161
298,0.10962145175769154,0.16249988873187743,0.007323200000223119,58.15103363517435,2.620627329983793
299,0.1885537287653618,0.10347199473226779,0.009383556391812101,34.32939913801652,3.11322743455478
300,0.20171551827515888,0.07964227616727054,0.014267646514400392,26.94026465026084,4.826258006828275
301,0.09887515763315348,0.12913112749415548,0.005450956641931063,55.31253882533002,2.33488436709924
302,0.19236181591493412,0.07936607222379523,0.007775626631039196,28.395375381654976,2.7819423442471205
303,0.19540360531173406,0.09559531647018575,0.014945086608006856,31.246016868664803,4.884909067726959
304,0.11281453569303695,0.14175548549414638,0.010053067625660881,53.56882731967638,3.7990137862728055
305,0.20082222988135,0.07815814709465005,0.013776586600758388,26.697280276360573,4.7058100454530365
306,0.169822201332016,0.06569269355775463,0.016708564509038685,26.045433566860652,6.624508500860553
307,0.1897319625066482,0.07456860600037302,0.016184918773834104,26.585548765204415,5.770323067598804
308,0.07485035349294833,0.18094061912127452,0.003364344095598982,69.8193737325,1.2981960541315318
309,0.08325726412304257,0.15377307453990044,0.0013848976254529834,64.49800647551349,0.5808763093386193
310,0.10554121662017167,0.14797320992931623,0.00459833037787019,57.32890217857812,1.7815199963806208
311,0.15761826108907362,0.11600861697696051,0.01323254635855897,40.44092928432119,4.612902778112286
312,0.23441350037493996,0.06513738843203282,0.009465678191273136,21.078930836870814,3.063162044424261
313,0.07739601900706873,0.13559354662269837,0.00543851506000155,62.07697572331857,2.4898424427973715
314,0.08100956838544715,0.14656829591651568,0.0005124736080939528,64.25887973137739,0.22468010385255222
315,0.07130632946262017,0.11909276878063485,0.0071209248962550145,60.29402330340891,3.605166090541335
316,0.1904460534269231,0.0734510603583425,0.013728997239422697,26.456827164866624,4.9451390536540085
317,0.08042019768496415,0.14650132856272383,0.0,64.56034867437636,0.0
318,0.09517266546606744,0.16549365091187074,0.0,63.48869819908864,0.0
319,0.15260335995305693,0.12330786925045432,0.012364436793771853,42.774289957452204,4.2891018050369825
320,0.0973963359076965,0.15105326114257986,0.0032551139908771273,60.012091358068695,1.2932272810519305
321,0.1485904458471896,0.12405874794086079,0.010821846812779732,43.764169940573986,3.8176198845011893
322,0.1472253518591622,0.1199448185679679,0.005239736389693219,44.03100458773786,1.9234749759730938
323,0.10438339818555882,0.15594203413946695,0.003002407177634274,59.21972945739058,1.1401784115590805
324,0.0979273069712604,0.15674777398464967,0.01026307204853908,59.16391135331021,3.8737614541937004
325,0.11518130034296026,0.1543152064070613,0.0030065599325510973,56.6287962501415,1.1033123293446498
326,0.2207693162679088,0.060256936143114594,0.014458311272560238,20.392583420242573,4.893085138634436
327,0.07949617782757772,0.14264569517168865,0.001791083853143056,63.700179364712326,0.7998303949174977
328,0.08416503478764287,0.13002025348822613,0.009498622998795635,58.126779323244406,4.246448904021595
329,0.20445985918007265,0.11679768035997176,0.013125641415640764,34.92929280299256,3.92532943138078
330,0.08455283253504878,0.1290361907736611,0.008265643212992467,58.16248663899007,3.725701758986396
331,0.16512273413893944,0.09124261405754844,0.009155088932520506,34.36368779899846,3.4479790073832715
332,0.1389194446036097,0.0748757669301749,0.009615403024337317,33.51486547685737,4.303915032575947
333,0.08193244502472746,0.14101032275650832,0.012002527420772544,60.018364119726776,5.10864770050094
334,0.11754019351959431,0.12382658299900332,0.010998059869518849,49.06649625646267,4.35800011876644
335,0.20273459053857038,0.12305253251048803,0.015634212915731877,36.04125447015943,4.579155216399301
336,0.07923100292293975,0.13458445892336698,0.007057481787436132,60.932976538103446,3.195267682554649
337,0.2047316784614095,0.08447963800198385,0.015160555948657797,27.75540240709805,4.980931985769634
338,0.17603037969463653,0.11417120512257738,0.013486289526602042,37.594917271316554,4.440838988300774
339,0.10719799971524602,0.1542415062354192,0.0042395606145727354,58.05557367747862,1.5957450729493976
340,0.2046774433456338,0.07956382642987037,0.012150285405755397,26.84416105621253,4.099403371437096
341,0.23221997907232145,0.07428969959542447,0.013617451251425303,23.206311696912987,4.2537635766339355
342,0.19579639416059114,0.10005831712680731,0.015163037389711868,32.17125631974302,4.8752964916654
343,0.08683930669612654,0.14209290008171901,0.0014494054477183615,61.67718799649581,0.6291324354042918
344,0.10572665861575839,0.14163097085935047,0.010131174238719077,55.00471042490787,3.9346076771473233
345,0.13572347343360486,0.11541498733332406,0.014146151014064235,43.50609956547551,5.332443114243901
346,0.233930266731468,0.054745147248653106,0.006231181556486823,18.56355472451866,2.112933942745042
347,0.07785844517900928,0.13978149960061745,0.007495730943431357,62.087671867946966,3.329428318882672
348,0.09019247651560502,0.13954637406912343,0.007256414635651504,58.881502944525245,3.0618394966261557
349,0.19025965039732937,0.0759119572655342,0.01454340256295833,27.042357729451883,5.180842503312827
350,0.08723505807595601,0.14877709594072566,0.0066059601744999355,61.32151197230484,2.7227811066466696
351,0.20129669795699284,0.072574372793863,0.008855610930126418,25.669445968935147,3.132216201695015
352,0.17517374648669096,0.12188851210143224,0.014271282818570883,39.150459520264036,4.58392075395704
353,0.08994309706614571,0.13371362126655303,0.005350871028545153,58.38829256249185,2.3365474670380983
354,0.09706265919206163,0.1344403495545466,0.00939931245783214,55.806996330456506,3.901711038249178
355,0.20659941817527272,0.06685702892001574,0.011769898586888261,23.439990706368157,4.1265117213272
356,0.0837852860320786,0.16506350344961318,0.004204543843465897,65.22874102492732,1.6615247814433336
357,0.18154774739746393,0.07445303316097955,0.007852036516417485,28.217638146291062,2.9759153620064196
358,0.17519331669463364,0.09238309928293259,0.013454756498070328,32.872901062582855,4.787638460013458
359,0.10017212596330559,0.1333802217390927,0.0015075224497225403,56.74308492248151,0.6413355239016065
360,0.15262731730604578,0.04270874461040351,0.016891950797633386,20.123990261333446,7.959340796537787
361,0.16367659328543793,0.05381255798460948,0.018569496066204432,22.796266348148908,7.866475672781968
362,0.1564271188608194,0.05811320094150801,0.017309334312726927,25.065036721025077,7.4657580917232025
363,0.057713261503557683,0.09814637597347052,0.004465164102079879,61.21721343596534,2.7850738364249032
364,0.08962939166521432,0.09240330859675698,0.014684502530384544,46.9726629319211,7.46477802751431
365,0.15029935061490374,0.038037286576977705,0.01496198252355942,18.710056482537304,7.359608513083788
366,0.04014448642406033,0.06813710196743979,0.007390068728379826,58.90561583018022,6.388832763691538
367,0.14434067572167741,0.04544893784413736,0.013711981396788656,22.33345534834226,6.7380215861740265
368,0.14699842839466323,0.06688594304893317,0.014411771943506742,29.29788565701705,6.312753132701798
369,0.06780609686868733,0.133484729640235,0.0046629762155543574,64.81294730877573,2.2640884285066827
370,0.1397876282875465,0.0717519069249504,0.01712422730798826,31.378783474063756,7.488824254107232
371,0.1489654687069215,0.043563024648709585,0.014834776592467003,21.008071805394064,7.154003983530963
372,0.17452484598181173,0.042737374381387305,0.013750407877046858,18.50001651725367,5.95223212765099
373,0.06753266891019012,0.10652077521633188,0.010201628197146227,57.81158362317111,5.5366878471740115
374,0.1602990575200259,0.06784117268849016,0.014650488665133977,27.94224301621479,6.034204574664237
375,0.17187198425028982,0.042549064696320554,0.013008993227924984,18.708638616734444,5.719997720416183
376,0.18837192882864415,0.04317331507616557,0.013490493141653305,17.619191223514946,5.50552066578569
377,0.2208980656780912,0.04320784675081502,0.01573978337485718,15.439882549100817,5.624450763714591
378,0.10299497714334171,0.14206733823403858,0.0009036012106525282,57.75895303087318,0.36736846437385295
379,0.13892010660417353,0.11899591752145262,0.011102030744662705,44.23343168503256,4.126871986348916
380,0.18597782052258835,0.08898948823785052,0.009925662390642085,31.236112241835094,3.4839969377055744
381,0.18940199509370628,0.05751703608995809,0.00994581095391762,22.39194574520666,3.872001660932033
382,0.19208242328741137,0.054097337997143474,0.0111657390848044,21.021287692809626,4.33881263467929
383,0.20490215466852757,0.049641496745175394,0.012288881273853476,18.60398964293547,4.605465889064943
384,0.07532164207192413,0.11972883034941018,0.003829804393445244,60.20146002759016,1.9256833582406983
385,0.16523253682134936,0.09231161806712747,0.009663395581918172,34.54678503830491,3.616438070296527
386,0.19510244732744395,0.0707963427228833,0.010821389895905649,25.58409102532353,3.910589353479121
387,0.2122267751628717,0.07253230019098952,0.015249561946580873,24.176737324516566,5.083040969686908
388,0.2207127647976276,0.05646984913147882,0.01631307891458054,19.240435382318925,5.558200448027948
389,0.08415617961855731,0.12284634855943724,0.005832603582405555,57.71901825763048,2.7404327162357895
390,0.20517723891326556,0.07214089793361715,0.007002478339837817,25.373080276377568,2.4628809751410787
391,0.20384109566594866,0.06046464928515263,0.012447203652731107,21.847878980218873,4.49758664380089
392,0.2129074201640787,0.04719713984411668,0.010766043852690275,17.424238426535315,3.974607690622466
393,0.0845716690460092,0.11836754239466221,0.005721154198495623,56.72737226932368,2.7418499823723694
394,0.16049403228273235,0.09788377318858402,0.010078272552272685,36.461745962027734,3.7541606904452776
395,0.2074511828049611,0.05304750627012886,0.013004164131103394,19.39559520066009,4.754672201280319
396,0.0870221145282252,0.12026289100708674,0.0064553366339836,56.26588307406709,3.020176990673373
397,0.1514641819686873,0.09158467025339329,0.007372588857621586,36.57221596462439,2.944072530624523
398,0.15651395281374228,0.09005613197922128,0.0077773891722011275,35.40673338535115,3.0577811727221307
399,0.10323899261990446,0.13559492150249286,0.006547236411787477,55.25889874071754,2.668190444756824
400,0.1586129150747182,0.10173955491722989,0.007918566351470063,37.92416665770487,2.9517037915838884
401,0.20771125093778064,0.06503054508441793,0.011452872070754905,22.882394494166917,4.029939107446216
402,0.21642620288540693,0.057217927740088076,0.009630734097331773,20.198730937908508,3.3997842013816033
403,0.2228951615045528,0.049796565946966125,0.0082097861165953,17.727411046822727,2.922656418725403
404,0.10174178840972158,0.12742259813923215,0.004857699673399951,54.44896257277311,2.075744111085506
405,0.19269433335702732,0.08159588346475259,0.009264424711751843,28.77607046862729,3.2672449520302704
406,0.21746152839533783,0.0568962778291685,0.012309958848888141,19.847462729059043,4.294155237766781
407,0.23009902113029784,0.05122576684436175,0.009631871677703595,17.605978466197207,3.310414578312734
408,0.1193455539819288,0.12446847633058687,0.007750061612341645,49.4778389786114,3.0807503380317907
409,0.21193683226889815,0.06580220430671818,0.012753095601307482,22.65197470706072,4.390169023077096
410,0.2112508616714846,0.07652882107741744,0.00975587491899165,25.72089926906759,3.278893788513527
411,0.12350904100025895,0.11769302182124824,0.0030305285485496113,48.1889092528695,1.2408370772915436
412,0.20367495683260461,0.0727086051898455,0.012395827080416422,25.177906711322063,4.292490235859902
413,0.19292844278015295,0.07162801040999671,0.007585266933458675,26.320113791249227,2.787248838587999
414,0.10641139132714757,0.14122616452759607,0.0034424830055805843,56.24746800607282,1.3710699668545285
415,0.19366939630079708,0.09144245972344067,0.011364759247531773,30.843059793980256,3.8332734057673
416,0.2227640561673741,0.07670958387790061,0.013540089222931423,24.506779321545963,4.325717358975518
417,0.22103266424618276,0.05096122328285119,0.012075714106964982,17.939696112980037,4.250970197944149
418,0.13732004020169056,0.12684145979266476,0.008013303469713235,46.60293979395115,2.9441753489760925
419,0.21692483000200694,0.07362371223462143,0.009415009878650835,24.544219361133266,3.138717958317998
420,0.23793949045509213,0.0536253997545382,0.009244491845921842,17.827036972083167,3.0732059561275946
421,0.16460096379306696,0.10566778617627443,0.007399196860786586,38.05544982148047,2.664764494878221
422,0.23015251403321257,0.07554941225679565,0.0039056385789195017,24.401668702371488,1.261480345473132
423,0.22498280723176334,0.05424941111604693,0.010026278269608337,18.7546474003143,3.4662000898350014
424,0.1097397086072087,0.12384313626940578,0.005084554182179956,51.889423003641014,2.130393259503114
425,0.20441060234280506,0.07250043527770685,0.008663692278270576,25.387552779408566,3.0337741302745127
426,0.22138891659569612,0.06303808766055606,0.010197334434704976,21.396089657982785,3.4611310389401853
427,0.1524626776745061,0.12120558346961255,0.010981988368257686,42.58052950146549,3.858063847500755
428,0.22659242742963373,0.055039426940633,0.010228165551424806,18.85815911182372,3.5044764110442768
429,0.22471299478804055,0.05720114852458899,0.011379826669409754,19.503008714462105,3.8800070352986227
430,0.12311891944954484,0.1616289785573928,0.011352660725827798,54.58584044863793,3.8340558269846823
431,0.22076674254339168,0.06045020332657605,0.009290222800645247,20.808506586326818,3.1979323756994176
432,0.221173721856289,0.0645546396174462,0.012394006128113467,21.653739079269908,4.157355326208207
433,0.20303913057473766,0.05661150535996519,0.012189777450234408,20.825271950937246,4.484166757417771
434,0.08477987023487704,0.2003489489564948,0.013536978653111015,67.08131644213836,4.5324837161836
435,0.09962979664573535,0.12694679778198933,0.0038344409012088508,55.09579764734826,1.6641741554326268
436,0.10007363210539442,0.11586824999491444,0.006309034155485685,52.1339807938333,2.838698828230903
437,0.12188384165597266,0.1320492493218194,0.01019137466608481,49.995084325078565,3.8585500367186727
438,0.19386977469009628,0.040877764064115134,0.011138833594279415,16.624656207534645,4.530073581504762
439,0.06641487588163371,0.10958935952362524,0.0035808616306753473,61.02363800360162,1.9939636917415429
440,0.07078687621547697,0.12303635315181805,0.006496902536043823,61.41986428562617,3.243259913176772
441,0.11432689204452147,0.13134170677684934,0.007368783776295406,51.906048595864945,2.9121324685893932
442,0.21121511170065752,0.03586712813488807,0.012007087360772533,13.843537486864792,4.634342715195859
443,0.08118618280765716,0.14085978594208579,0.0,63.437218308989834,0.0
444,0.09661495831374003,0.1308031947870941,0.010431202916640694,54.994134513226925,4.385634290249797
445,0.18408096022709938,0.06951319645565696,0.011322956291700777,26.23960214392013,4.274150569047051
446,0.08365602064782968,0.12091650710842855,0.004697997631640766,57.77999882415381,2.2449399517359967
447,0.14684276804058613,0.08986583738147282,0.008196506400629086,36.69414521920471,3.346809031313066
448,0.14554737991575942,0.07251688214361296,0.006171931477006527,32.33950817660852,2.752424298535564
449,0.07796011878816216,0.12039179790716432,0.0034641183416118508,59.654228111819286,1.7164732926091897
450,0.09777302628358196,0.14422437012353895,0.0,59.59748834690151,0.0
451,0.10318360898519674,0.13241706736626743,0.006592994846709144,54.67404111394722,2.7221994753589045
452,0.2216582022655049,0.05912300703595718,0.010503790733664302,20.297305741396734,3.606018412344487
453,0.08749860450756804,0.14979141875689359,0.0,63.12588144085174,0.0
454,0.12981082126208862,0.11724691021886667,0.007711016320734721,46.02091552851323,3.0266727717863247
455,0.2014611105235884,0.06228786382352182,0.009550180438866974,22.791092739492726,3.494405405807347
456,0.0989694269078685,0.10906639498032028,0.000802610516092785,52.22525074751721,0.38432127020521056
457,0.1921087617390289,0.06844325464645969,0.010017898292760879,25.29595898636756,3.7025174453241587
458,0.17893617466611744,0.06365240790289488,0.006047365853009451,25.600645565079184,2.432217019055091
459,0.09245207366331584,0.15437170509313008,0.007563658114017036,60.68369845313468,2.9732828818384376
460,0.11135416692228368,0.1459369288421318,0.005707732373062461,55.48957380366953,2.170250116125554
461,0.221249175763925,0.07123747026319538,0.008939637735750136,23.633463337668754,2.965779103318964
462,0.10706803812497506,0.12969460574549266,0.006687947538764592,53.27348148745318,2.747147788818625
463,0.2139215364808286,0.055935791759255574,0.007383044846016005,20.175918513096242,2.663048229170834
464,0.1988985781785072,0.04786427030799267,0.01276932715490628,18.442518808968952,4.920132589860292
465,0.09554480958967136,0.11955241418515244,0.006029979773747402,54.06499619522951,2.726928065376135
466,0.19171721940716988,0.06779450331459184,0.006064784893906288,25.527296794150715,2.2836300350342014
467,0.19204331736103475,0.05800574415818724,0.007479789994639278,22.52397889293003,2.904447385475442
468,0.20452995314399694,0.08625015162426072,0.012756451134116227,28.415078825629575,4.202607852682847
469,0.0974161612141908,0.15948383163922467,0.0,62.080123034578875,0.0
470,0.10553528741273255,0.13662517972756336,0.0030203852878646622,55.72424533746791,1.2319009653291146
471,0.12069242994294674,0.1279348964851772,0.007630898640493634,49.92421080373925,2.977816083152191
472,0.2128923007572602,0.039012277296225376,0.008034531002540748,15.00823690513489,3.090928114556634
473,0.07477555155471911,0.12634641374521996,0.0021946957529067512,62.142675908090055,1.0794470760742565
474,0.08838559523336798,0.11968068975912179,0.004489327117306151,56.305589192018395,2.112071788058545
475,0.20839594670585143,0.04752230050888976,0.011431538127464443,17.775327722093206,4.275873314366855
476,0.08562825706318022,0.1296569461223317,0.0,60.22566539819549,0.0
477,0.2119944867083471,0.058066641463475094,0.01204454676540172,20.583294354640856,4.269515942237587
478,0.21998389484761868,0.07354401271523518,0.007829636752791703,24.404238122608373,2.5981220316126703
479,0.09023157123659971,0.13586164377621476,0.004787693208317397,58.84490182535574,2.073663537277784
480,0.10221171001486887,0.11981129551963575,0.00110282802006768,53.69673856717815,0.49426281237755
481,0.21117403261546547,0.04318827694166478,0.006184562957472536,16.576010498550204,2.373685355645907
482,0.08414929519487893,0.11662974163456395,0.0006253630476685733,57.90823919722039,0.31050118470606586
483,0.2035422483110375,0.043484920283642044,0.008124059880603524,17.04280263257855,3.1840175448696755
484,0.2079568805288434,0.06495503059374451,0.006310198141646323,23.262853634658313,2.259920662541389
485,0.0841287828976536,0.126976620918105,0.009764872704581418,57.48922984049041,4.421089545601292
486,0.17864193807983586,0.060670561408321125,0.007831481619293373,24.54867042946253,3.168793180477454
487,0.17787010819842186,0.05896860793238226,0.011086541617634754,23.78483276287068,4.47172737393456
488,0.16340931322622593,0.06098858128218995,0.011161274231775094,25.890981704667613,4.738204117236199
489,0.07512536757984395,0.1148825890276307,0.006719049362899395,58.396959004668304,3.415417893317222
490,0.08902381822430105,0.10931241310838757,0.008036747642049404,52.96837485772225,3.894282905628443
491,0.195660245856612,0.03924228111107858,0.011074907166818249,15.953610236303046,4.502407794351621
492,0.07025384784182166,0.13116088788697408,0.0068140072487303934,62.988848711020694,3.2723663175865307
493,0.2026940992518981,0.05022341147334132,0.011904838309324229,18.96494448313588,4.4954054492472055
494,0.20365865517979231,0.05591877191752645,0.01174670605918398,20.609582814099284,4.329399645555432
495,0.09325975090593532,0.14160363932431158,0.0,60.29191658414337,0.0
496,0.21757058119768402,0.05451730055835688,0.011301524487205328,19.237592993000646,3.987984108871277
497,0.22340479612266786,0.05966241330585721,0.012019992109970047,20.2185703055895,4.073369514943873
498,0.19658845823725876,0.06649494340610011,0.014700160740238874,23.937681134017463,5.291947663893475
499,0.08510123639784017,0.12730766749114417,0.002152658244815203,59.333864940709056,1.0032823323092772
500,0.24759889277514133,0.0503953914813068,0.011241437375808343,16.296756149419586,3.6352324745899423
501,0.237956081101631,0.05592672140842967,0.013284127950197028,18.207272939384882,4.324725949597552
502,0.24013361193976512,0.05918839862501882,0.009954947851866763,19.137668363021596,3.2187809602213204
503,0.24514221737359634,0.057411891773796866,0.01230790123692505,18.233985009407878,3.9089826117485926
504,0.05834827852501256,0.11360524755590372,0.004843517214120508,64.25743634542611,2.7395917509987453
505,0.06941285806017244,0.08928388031031702,0.015509348014915684,51.25187194251621,8.902873795467483
506,0.08971464404560664,0.081393178686461,0.016406594769263396,43.40635763961095,8.74951109780502
507,0.12806357451080738,0.06329733781924035,0.018366408516882718,30.180778338096413,8.757279901690751
508,0.1520676422546513,0.05135345170258581,0.017535796166919942,23.24138960940751,7.936297509014753
509,0.15727602401111038,0.05273741278431485,0.019821132406674727,22.945814011965002,8.624086653059337
510,0.06590666004685523,0.10707459763616003,0.012746561874044991,57.651351257728,6.8630331764213315
511,0.12734055002895647,0.07769044084855015,0.017339096275249943,34.93745127472154,7.797404991499103
512,0.15458243981449304,0.07123108883044589,0.018011070097709286,29.214069949369147,7.386896232204855
513,0.15094810083929722,0.05818346199092089,0.01836334596053203,25.57572048543647,8.071981064605994
514,0.18474430531156166,0.056680011722078885,0.018680792925208748,21.79119500229969,7.182016888543328
515,0.07331120983893662,0.10856683458895336,0.013937514213268923,55.44341590746992,7.117674565793858
516,0.13401833728373042,0.07816886070855787,0.020189796539056174,33.6388121665004,8.688380095359589
517,0.15298932798576026,0.06905354419275986,0.01900680241850933,28.647018216555946,7.885014759005014
518,0.17921968348045883,0.048044890806429826,0.01961969804919317,19.460490679222634,7.946920985912384
519,0.08028460040712307,0.10768051204266947,0.013704831128429618,53.39442761380215,6.7956736067186405
520,0.15751096338080428,0.06742026914093531,0.018471084612067475,27.69910736054002,7.588705329338854
521,0.17715227485049445,0.04995471455438529,0.019338406403342074,20.270094472878245,7.846933532647848
522,0.07488263255099524,0.10726311135225629,0.015565940914864022,54.25228733998841,7.873050563088306
523,0.17496987385161222,0.04962144539847579,0.018739668222954003,20.392571416319598,7.701307760907403
524,0.18566158376006595,0.04616747042128013,0.018039460021240208,18.4767058661296,7.21958109800674
525,0.07012179637797873,0.12580967744019675,0.005013477416112553,62.60902633652701,2.494950674459684
526,0.09211197232914353,0.10967539605961184,0.015611807906605414,50.44885538600464,7.181171599930558
527,0.14923970103651202,0.07141406593812298,0.017909260499182466,29.935093754609877,7.507140016131807
528,0.1767047986957656,0.06424166572926543,0.019940611807277926,24.62431894175583,7.643388126103131
529,0.17733412833798068,0.058460976066165384,0.018746974581542106,22.96711659585856,7.364980539267211
530,0.08854938361049561,0.10079686470376568,0.0152539408352555,49.26528422224762,7.455487161895191
531,0.1181482774063293,0.09984574244835526,0.02084208507321162,41.805129286670606,8.726521929966903
532,0.15618079455124856,0.05938576161017972,0.020029964754671198,25.206552872369514,8.50180837848801
533,0.1792945584604475,0.05513813871334379,0.021044350497421045,21.58242363294574,8.23727637736921
534,0.09888713980030872,0.11138702855092518,0.01646242100354088,49.126181560682234,7.260593030171291
535,0.15466158449558198,0.0785425351885564,0.01880866434074574,31.166091630018652,7.463377071731624
536,0.18473564326361877,0.05190755039295136,0.021212528914839254,20.130462832205062,8.22651081903554
537,0.11028960229162106,0.10311307681452325,0.01889709904709099,44.38793598266171,8.134789967223137
538,0.18370872545260752,0.05708051426061855,0.018044660960773534,22.052951376145764,6.97152147140908
539,0.1787573400358811,0.05955190368952247,0.0211404233713886,22.953162498106273,8.148179031388697
540,0.06167453530098547,0.12444512314815304,0.008795707509307414,63.84572223756005,4.512577787829501
541,0.10431290634901394,0.09509075380553057,0.019027432700454393,43.53352472061047,8.710954311383393
542,0.1566220331677769,0.07738660926234656,0.018535541550293296,30.642800021222193,7.339524220336278
543,0.16181447183941244,0.06835616035888996,0.019605053659781973,27.36701938143332,7.849064088215944
544,0.10072651151247636,0.11146268957649737,0.016051991913819952,48.83548324913157,7.0329074706613
545,0.1566396924941692,0.06615244125190388,0.017881909193595544,27.486321517641496,7.429928452266919
546,0.17606408910692362,0.07108093054673659,0.020484005052761888,26.55949989905221,7.653880245325405
547,0.1243006526582352,0.09487691893743413,0.01749099831245488,40.0885166011971,7.390503233802851
548,0.177772096687287,0.06289816246309085,0.019995546079210294,24.129809588063026,7.670950956378301
549,0.16828453829080228,0.065422082072156,0.020343393360430034,25.75165461057132,8.007633246019063
550,0.07495710084995745,0.14093342524115626,0.0075041370679348246,63.087194317089406,3.3591389166679257
551,0.11615787466017125,0.11109000556757409,0.02149625548188492,44.66035159005889,8.641914479937096
552,0.15450029376142663,0.07532747862693012,0.020166910191889348,30.13163234092016,8.066935657887822
553,0.11036452356786997,0.10059123019289228,0.018452692270913687,43.84809362206437,8.043597605105525
554,0.15292252345809365,0.07880778966028491,0.020683387321275518,31.22167676438226,8.194241154600247
555,0.15870201840545922,0.08945850826202578,0.021400884121544155,33.186689444966596,7.939149768841893
556,0.08995253844839816,0.12248281050779485,0.009684728561140443,55.142611094324295,4.360131992293529
557,0.15550810876692756,0.07565028069428101,0.02050439731756765,30.060177614094872,8.147568251952961
558,0.14528972075485597,0.07443574018514125,0.02060204896386924,30.97262573681903,8.572488839130516
559,0.12993458289384716,0.05941006219235889,0.016688879561630034,28.835143355386396,8.10007963032016
560,0.05912498007207824,0.1077795661823564,0.0028790223133588837,63.48056357368923,1.6957013789054083
561,0.08446345007300232,0.11448836632540985,0.008664354730249738,55.144243197925185,4.173256198275783
562,0.0788262863088033,0.10192725865871782,0.010957978575506407,53.16699631560822,5.715868495013557
563,0.09885586645961784,0.10935581721039396,0.012703781537831136,49.50120495525707,5.750517070354985
564,0.17919157195595045,0.04912153285012916,0.01727058416436743,20.001952514053293,7.032463856524988
565,0.06500381341756031,0.11964404945211767,0.00103567868172226,64.43438575787732,0.5577654718717044
566,0.06467943525733194,0.11797168641659693,0.006494492336363707,62.37082844023936,3.4335939378484883
567,0.08558239049709682,0.12653867607649483,0.005084550639836984,58.2575523137399,2.3408927932286616
568,0.1985652478669503,0.054469066475297326,0.02113390148133112,19.867024451275924,7.708370358630603
569,0.06602265518597418,0.12255739643546892,0.005246179304228184,63.23055236134029,2.7066405197963097
570,0.07677777906236868,0.11439630571405612,0.009729623014560956,56.94086334786346,4.842928545989488
571,0.1890387430327599,0.04633814975761845,0.020096873454603977,18.138124488752105,7.8665115992114885
572,0.07104946597609374,0.12407890504949604,0.008115857732798213,61.049165237059775,3.9931553197735106
573,0.20339215655086457,0.051712300677518724,0.018940537600692427,18.870003704965363,6.911469998751778
574,0.21016417704648604,0.049983225079637116,0.018326943973122338,17.948951413220517,6.581196519477883
575,0.07500847904820672,0.1282135492321623,0.002937930331662313,62.191295582012145,1.425073205991058
576,0.07923703254055132,0.12973521681396818,0.00689940681977514,60.09830985371235,3.196068878169241
577,0.0882730794373197,0.12757824197196274,0.005067921332883876,57.74881372414383,2.29401534695582
578,0.18446266252960603,0.07523533970251212,0.01883538535893169,27.011246426577287,6.762343833115729
579,0.07068477249941907,0.1282076271139105,0.005511417335635351,62.722716741596415,2.696337777787892
580,0.08459764875760951,0.12849970885333287,0.00957000873884931,57.70926874460384,4.297894611020651
581,0.19240094044686767,0.06665341262959955,0.01487202778409083,24.332600759446162,5.429206101788866
582,0.0801721047756434,0.12999422046623765,0.007182810629320319,59.808942853709226,3.3047339252256203
583,0.17006988584644275,0.06855170767260761,0.017756802181966774,26.73848843041794,6.9260134550004615
584,0.1783734798050638,0.05860271332104139,0.01935895278202291,22.861755111039248,7.552203859302721
585,0.08035651101205601,0.13261502074531015,0.003251703691814208,61.33245600077012,1.503864136090252
586,0.08633961223063652,0.1288799303319071,0.008120640394922277,57.70566166163287,3.6359961236661187
587,0.1634129258950588,0.07527276821632733,0.019321712126852575,29.17465405889241,7.488820731375171
588,0.0818385311322714,0.1283171798741306,0.006139099759438898,59.32513101899878,2.8383019165841383
589,0.1753896871902011,0.08003612431945784,0.019828599646472735,29.077145024956277,7.203735469011403
590,0.17368208106401384,0.07342078935398094,0.0180421834032774,27.6908010524202,6.80464641646274
591,0.09191970817774732,0.1363421105033316,0.0041136498364632845,58.67319445255428,1.7702599429736026
592,0.16131546478966946,0.09034696706144128,0.01795099641527149,33.509817238100275,6.658049834793699
593,0.15998964460029533,0.08566041475830172,0.01709932133466786,32.60156676003821,6.507844581612812
594,0.15060309841915281,0.09928150699153275,0.016274360167532833,37.30158282507904,6.1145263816973126
595,0.0709923398766963,0.13807492744484973,0.002809607334848613,65.16753075047424,1.3260566257667405
596,0.0822090715796085,0.12507764544038336,0.010196527913007099,57.511393799056385,4.688419982030519
597,0.10740851975936608,0.13104093097559497,0.011058204972080085,52.51980369269967,4.4320102887199795
598,0.2119477821379352,0.05770999940098959,0.018630998981648956,20.018121862661634,6.462616737289003
599,0.0751373034834341,0.12981765462013636,0.0009304978773403212,63.05333905284342,0.4519493001130662
600,0.0883317067004173,0.12937366811234866,0.009866082101793149,56.849690144103405,4.335377659201494
601,0.20068393458935754,0.05377587040916403,0.01927758353954198,19.645058607580903,7.042364085701582
602,0.07178209742985084,0.12648237966643638,0.0066311184724148,61.73016033623159,3.236340173154854
603,0.21115611005213092,0.05642028332139081,0.01924814143755718,19.670661492941264,6.710772302040075
604,0.2112371680190301,0.051987333897729485,0.018177982522624838,18.474369194465243,6.459780395627769
605,0.08300430752204507,0.1423235388775256,0.0029218843737617126,62.354307448827896,1.2801260986648628
606,0.08819453937391458,0.13184012037783138,0.009074604261101578,57.544648378093655,3.9608194370493504
607,0.1938275883468648,0.08046300301096931,0.015455404366283449,27.770186369575363,5.3341218150946785
608,0.07752461159160862,0.1303932104425584,0.0032772310797174772,61.74065562617386,1.55175560762319
609,0.18889711863187766,0.06902365467423063,0.01798880491177066,25.016766405885466,6.519818930521268
610,0.19550796197759968,0.06946466491329462,0.018756609394035145,24.48273072695833,6.610742565563174
611,0.08795818728782802,0.14249761963188934,0.004595207632651732,60.624124470707635,1.9549831092636807
612,0.12079996406705946,0.0833706877404797,0.010386000720457237,38.8571907504015,4.840679884815978
613,0.10985137042643528,0.055176089353895896,0.015817207056214474,30.51021095566294,8.746294448655581
614,0.10715463383923424,0.05623452439876554,0.0157902715784871,31.384475582024216,8.8125470622712
615,0.05731372820008519,0.08876557977334229,0.008328696431984068,57.48768019841808,5.393953807029561
616,0.06468260333875159,0.10171118766004306,0.013046078549616895,56.682602320217434,7.270445850439699
617,0.15432333918469635,0.04235044739296435,0.01655260019980234,19.8617291382253,7.762922989957013
618,0.048827025752156736,0.0904928558747215,0.0072291478011151855,61.74920177085511,4.932920968041765
619,0.15188697702173645,0.04126871679239614,0.017284282003438026,19.610683109074195,8.213402390058096
620,0.18146956231033817,0.04888457936304089,0.0176998369198278,19.70723454640031,7.135477939200659
621,0.05647582501619474,0.09303101417267728,0.007182808904223657,59.37278901628765,4.5840991996842435
622,0.1264765343465715,0.04817795227020197,0.01712162838477175,25.121977400477522,8.92792534911545
623,0.13650144977009157,0.04974606166429226,0.015427162773173598,24.666489166158332,7.649529041656678
624,0.1229562454709646,0.0586002114252971,0.015636744801289255,29.717156028115184,7.929657141665779
625,0.06141059832711711,0.09491980893870662,0.006126115318021053,58.42782267465928,3.77092604260277
626,0.14781859458185267,0.04437171043135433,0.01690347940042758,21.220960994027973,8.084161587026752
627,0.1835559237691775,0.053283305081984644,0.016251047792958728,21.053082634584246,6.421047860250237
628,0.1320089593080986,0.04918630751841617,0.016064634762476705,24.934772410512608,8.14389271872841
629,0.13498673084885468,0.05495797631742069,0.018358670006197148,26.383622322126918,8.81342888214261
630,0.10623094526292493,0.13651684698639738,0.003867078056329401,55.35629170179394,1.568063617387138
631,0.1213491120848173,0.10750634912863206,0.009612953898619199,45.08200764369962,4.031122483915356
632,0.1556803822103344,0.10331947914832391,0.006652273306798916,38.89277203755086,2.5041294379871255
633,0.1983177917763064,0.083058217436526,0.0073326694886523686,28.76886756923766,2.5398160947680086
634,0.2174839506561076,0.06413584282597447,0.005195735489576749,22.361356463482124,1.8115251667876593
635,0.21164767100683252,0.06900297380336726,0.005281028218664031,24.13267934692973,1.8469546107719688
636,0.19098123024559688,0.10708050793805984,0.007092613747823562,35.09060488906409,2.3242708822373754
637,0.21849426660359775,0.07457151026309779,0.0005603596787560289,25.396754914409524,0.19084121234871357
638,0.14274617786659108,0.03821834512093436,0.003318383899235783,20.738952823453616,1.800700865476837
639,0.23305364816899143,0.056104490350799854,0.0,19.402701455335247,0.0
640,0.23997250930655356,0.0641832218703701,0.005079021929365421,20.75550086969341,1.6424486181925608
641,0.21665446061286683,0.08535622248046884,0.005918930001258163,27.71939392988748,1.9221697912632745
642,0.2184089849709343,0.0685460981254613,0.005422775509593959,23.44435329415094,1.8547148321862938
643,0.2568876543199922,0.07556146396291762,0.0031880958071397072,22.512838502659275,0.9498636245635024
644,0.26211159694927283,0.059908751915988656,0.0009513469484800125,18.549226663669675,0.29456047102921873
645,0.21606982467741448,0.07193583186184825,0.004702326029723113,24.57597200817518,1.606490533142485
646,0.2378835708307952,0.0737013283434923,0.004284329444138803,23.3328610912348,1.3563617649233957
647,0.24682603758395302,0.061311405878712755,0.007337915004394097,19.434610099702777,2.32598673951908
648,0.14335907722363678,0.03930760651693116,0.001571244129160353,21.33524132160504,0.85283423849152
649,0.24519986556991938,0.05529048931584173,0.0028383751440788432,18.227910462158505,0.9357422700446535
650,0.258349937228421,0.055737648333592474,0.005600050682391617,17.435034081512107,1.751725762115589
651,0.0660591046772342,0.07519647253582767,0.004275158555889344,51.670509420918314,2.9376327504292354
652,0.11696142991643095,0.11848200364102696,0.007074158602114508,48.855014016083345,2.9169671936458257
653,0.15033077482903723,0.11457384734439702,0.013252195205321433,41.190379018604496,4.764289198519415
654,0.21733175370220198,0.07992548414106818,0.008753607149118518,26.1185135915873,2.860554549737034
655,0.2199027080941235,0.06716827665348316,0.006569507716381594,22.874323663559654,2.2372621913468804
656,0.1299760128968972,0.13091672951689243,0.004044220815383942,49.41429384606025,1.526484174231907
657,0.2195480270819382,0.10464765441624842,0.004155035015195751,31.87069470335185,1.265425901705443
658,0.2450514553646785,0.07572803156046415,0.0048656959095695704,23.254767935228887,1.494171007602238
659,0.24374394673202124,0.061413820135686,0.004901383629674194,19.807130361148513,1.5807898660019029
660,0.15360585314332298,0.12870800128325496,0.008921870131791567,44.193754553438815,3.0634532028379104
661,0.2368792449989631,0.08281296681360502,0.005275858926623147,25.48341645541786,1.62350070719944
662,0.26452960286576155,0.06873095562223294,0.005571567867509598,20.284663193395104,1.6443446279541643
663,0.1738241181773097,0.14949715539492828,0.007008584757733853,45.256930799635185,2.121692781017956
664,0.26917065332697904,0.06519226507773589,0.003821961945796848,19.277108133919928,1.1301398045458373
665,0.26817104436101763,0.06380898578535353,0.0031409759761210077,19.040580751309367,0.9372662168998531
666,0.112831312568299,0.1576427883747511,0.0028012828670794764,57.686420992927985,1.025076912535157
667,0.14726179387998053,0.12927595985531712,0.008090017161146625,45.419306572987715,2.842314766288215
668,0.18797819850463138,0.09480688871269699,0.005807783678745064,32.851431297773935,2.0124487693379414
669,0.23369023215335885,0.07392230478266745,0.004187557028574417,23.708236852250593,1.3430262240555444
670,0.14488317317964017,0.14464873331892283,0.008137463967308845,48.59375793100184,2.7337256616537964
671,0.22419516322176178,0.09562369233459138,0.005232049688444321,29.418066767904154,1.609609327038803
672,0.24191304392612545,0.06987937248548197,0.005242848992734934,22.041514024112992,1.6537116102993394
673,0.1582346202506693,0.13986791543743834,0.006596453580719724,45.903636166655225,2.1649082579988015
674,0.26723682182037967,0.08203810805229265,0.0009392608337693055,23.425123889699563,0.26819610932231397
675,0.2454003190046677,0.07919192483051386,0.004604250536624809,24.056126412170006,1.398632918437036
676,0.12167994796053115,0.1592821403247151,0.0008978803078462318,56.511089928723784,0.3185554558627152
677,0.15474046010473608,0.12135566896506494,0.010499319333354542,42.34389263375642,3.6634633912905294
678,0.21878365203784958,0.08061342116858394,0.007336289714468249,26.281269308605328,2.3917482091310944
679,0.13464090534500095,0.14721620162179314,0.004189377882984725,51.46583140118142,1.4645793970112349
680,0.22611704023204418,0.07546270299177554,0.00556175884767019,24.569360533442637,1.8108131952729853
681,0.24323651970829616,0.08521364986655605,0.0043078883174222015,25.60829042166809,1.2946007512812263
682,0.1250141061300883,0.1527652223642279,0.00356514973482442,54.29828348712374,1.267183119165676
683,0.22345632945588956,0.08365038606225643,0.005363039155914948,26.770714544680533,1.7163386458024283
684,0.19498741486387822,0.08615668050853895,0.009401201635511364,29.65344178542593,3.2357094512718336
685,0.16580561147891626,0.09303939344932721,0.006528689293916651,35.05976495599387,2.4601870630218143
686,0.09680922371004802,0.14622547459497395,0.0,60.166501168262364,0.0
687,0.12263781486417508,0.11469658042621017,0.009618172436749698,46.44478147436869,3.894744859416524
688,0.14212396604743724,0.12873829815599752,0.008859243267353843,46.023739582999966,3.1671655667303376
689,0.14388355315423731,0.12021081422542475,0.00946022834238551,43.943993669025446,3.4582597003772606
690,0.2462942311882834,0.05474794563219433,0.0067129200597922,17.789452128389495,2.181253902158383
691,0.10871658939121996,0.16500406780399846,0.0009009099103653846,60.0841621956659,0.3280550467542163
692,0.10495570751894528,0.15463946453329008,0.00509025163761216,58.423868748621814,1.9231325876021048
693,0.12621023142342974,0.15747672022988338,0.005456073791632903,54.46326086806046,1.8869809442011807
694,0.25099994639763595,0.0536064220443391,0.005959133086902848,17.26090688773895,1.9188007224133807
695,0.09579151553864607,0.14069898367426173,0.002777553645873982,58.803915522020645,1.1608543692681448
696,0.1246912618663259,0.13586565890495703,0.007918020617965626,50.60645816771857,2.9492587192656017
697,0.261182878276076,0.05466236411577152,0.003066346972835138,17.140287759584638,0.9615037756839563
698,0.11179965519398938,0.15020364440405798,0.003760132599449481,56.51779974471323,1.4148419774527947
699,0.26619345030627517,0.05607770111425088,0.004645058795372148,17.15353945808215,1.4208713579251737
700,0.2534749658343382,0.05255932074222647,0.007208507894385283,16.77909968559574,2.3012525815829417
701,0.1136111519364345,0.16879656255664158,0.002119454598356831,59.325288019295876,0.7449041176365633
702,0.1318760455890725,0.14589982575533333,0.006077352558126189,51.39974235608175,2.141019388320563
703,0.18715962460624502,0.12750776235622951,0.005956972652373222,39.76858230902951,1.8579289045689094
704,0.25636238511215664,0.06696181780404857,0.006126548571069222,20.325289137073067,1.85962501023643
705,0.10124944792418633,0.15584380463324252,0.0024586467601227227,60.043407520040425,0.94726594819276
706,0.12151279499214832,0.13500772561962932,0.0055909428934783805,51.50775315743565,2.1330402030914097
707,0.2657722218832261,0.07257548079426626,0.0019065889961421346,21.329776749408143,0.5603423800370161
708,0.09698039484249821,0.15308660692787998,0.0,61.21823585042635,0.0
709,0.25709070686602536,0.07041541711325533,0.004556293762224527,21.205476245152916,1.372119673528181
710,0.2589556631275893,0.07202337984222892,0.005348735643308247,21.414639058130405,1.5903341868947525
711,0.1170279207621475,0.15458817279061976,0.0002484018232982239,56.86221460319067,0.09136971819531414
712,0.1543314033473251,0.13443015760889235,0.005924193016190131,45.61813925402024,2.010342521255654
713,0.2373102670405073,0.07082039963156377,0.005746308093822473,22.56310762660608,1.830751713504433
714,0.1102726305026849,0.17111916801247337,0.0,60.81171125648687,0.0
715,0.23106387682275595,0.07080491879958578,0.006487840331581631,22.96202206920104,2.1040054194102336
716,0.23623540219021982,0.06750302356632834,0.005595484456136302,21.82205743945635,1.808881687846344
717,0.11716659038794917,0.14941815374961545,0.004102377999957913,55.199579710224846,1.515542360332052
718,0.20533281295452502,0.08095518778869952,0.004888150887672306,27.802822221278827,1.6787607296454228
719,0.2089001102157961,0.08968408561638619,0.0053396847609446,29.50873272655046,1.756915169194294
720,0.15540302730334304,0.1153907169328426,0.0066169149449372446,41.595632003997146,2.385241779991239
721,0.10312102271721962,0.15549834035100804,0.0007915275924083422,59.94287285125303,0.30512504328271506
722,0.1053878733850746,0.14064259347307603,0.007851759629762312,55.396785910797846,3.0926779469283274
723,0.12508061045664617,0.1426926410924687,0.005011287546766556,52.30965126007873,1.8370863551783376
724,0.25680767992103054,0.05581903887068889,0.007115036861385295,17.457538117495126,2.2252448219820757
725,0.09713122502471816,0.1550528021415951,0.0,61.483990038488464,0.0
726,0.11172750378859023,0.1557232950860853,0.004977624024182752,57.1611777615066,1.8271309473574073
727,0.2541785011680699,0.05352751900172667,0.006163649630941685,17.054059105395208,1.963760829408815
728,0.10718296927569937,0.1759522564556641,0.0009857530303113077,61.92863942062359,0.34694834383847917
729,0.2306322118243964,0.07455348203954765,0.004435419194532619,24.07893999963339,1.4325312478593548
730,0.23303137747517366,0.06031615912897845,0.0027085956284805014,20.373217292990805,0.9148925942031028
731,0.11918145076662129,0.15192158622773147,0.002686781592281241,55.48839873300827,0.9813299874155383
732,0.12903567605672003,0.15060851120103305,0.0032807028248818954,53.23268347194346,1.1595667047617082
733,0.22438143599857072,0.08407486392023528,0.004789211476737428,26.839926147919073,1.5289002723138667
734,0.09957772232194871,0.1613707899433761,0.0001683483030960612,61.80021833599361,0.06447239857647899
735,0.2235657654893075,0.08129456822952583,0.006141541060354013,26.139574974345507,1.9747601408237596
736,0.23131464661681622,0.07522649237344922,0.004004598656419812,24.223965507791334,1.2895358625002065
737,0.11914188638571002,0.14787524778988934,0.003556138679509134,54.65257016315734,1.3142978395406555
738,0.14072868397152596,0.06160320996758666,0.00797331335364932,29.292289411469486,3.791305720048016
739,0.1396970480174274,0.05623547712063085,0.009596172667411272,27.361374699049115,4.6690183754747165
740,0.14752364039474106,0.07143216607246874,0.006413543762651481,31.695599246132108,2.8457923653372146
741,0.07907716898589336,0.10908205949727495,0.0,57.97327103040968,0.0
742,0.09292987997983868,0.12464932153775472,0.006822377822787939,55.54743505110613,3.0402539246123044
743,0.20104899475770077,0.04794714862958935,0.008179356856407456,18.64374661822568,3.1804572553204946
744,0.0694554234930959,0.10937945365194579,8.205718838247473e-06,61.159454366594694,0.004588222651302072
745,0.20281509799099573,0.05483334765314088,0.009614141621664268,20.516656750990524,3.5972642935251944
746,0.19955806424894496,0.04594584495826194,0.007590187242506522,18.153661267792867,2.9989586280273413
747,0.09266471512722457,0.1260299695890545,0.0015801578454209917,57.214872167598024,0.7173573827335192
748,0.19374715009781054,0.06545530841681908,0.0038365382865859464,24.884260209631623,1.4585435366016486
749,0.18247146199560124,0.061366556698573396,0.006606737074599749,24.503031221476515,2.638001763829898
750,0.09162738432720072,0.1302110675002822,0.0005132343618389007,58.56086352743631,0.23082098932315104
751,0.17750600329559615,0.0786253428167393,0.006696875611582985,29.915106643048933,2.5480047643504418
752,0.17923153325354835,0.04823709572980054,0.011803094086158396,20.159965043503238,4.93292476634594
753,0.1995863708080801,0.047691249113034614,0.011538871623291206,18.426665483506135,4.458321629520833
754,0.18848266261919505,0.0739945373153703,0.0074223989979697565,27.415578833026046,2.7500592914275064
755,0.19647919621224785,0.05780896148322058,0.01141887482815439,21.756654663658946,4.297543320438532
